id,N,B,kind,workload,seed,bytes_per_request,rpc_per_request,elapsed_seconds,answer_sha256,receipt,receipt_sha256
B4_deferred_N16384_B1024_seed101,16384,1024,deferred,uniform,101,150875.40234375,5.33349609375,165.43642163276672,6cad71d57fb07d1cca4ee6d573e63867d77b4a38582176ce52627cf066c79d90,results\formal_slices\B4_deferred_N16384_B1024_seed101.json,0def974845bdb8600fdcee7ee8ce569b8a8cad1e63751426aa393c7387f16b2a
B4_deferred_N16384_B1024_seed102,16384,1024,deferred,uniform,102,150875.40234375,5.33349609375,178.0726273059845,14484a7fdd9930e5e2c5b37453bd8bf84e77c5d72c7fda32e0dc2b1c4d8375f0,results\formal_slices\B4_deferred_N16384_B1024_seed102.json,ffd3c9dd6c1bce9ccc12c543d058df575b248490500a5266200e07a4090327ad
B4_deferred_N16384_B1024_seed103,16384,1024,deferred,uniform,103,150875.40234375,5.33349609375,191.68050599098206,f844096dbeae7ca3787f832113f3242061873af752d8cf6b2f7e894b1c560f4c,results\formal_slices\B4_deferred_N16384_B1024_seed103.json,9551517f97edd317e8c2ea1f321bffed4efdb2100db698400546bacc64892780
B4_deferred_N16384_B1024_seed104,16384,1024,deferred,uniform,104,150875.40234375,5.33349609375,180.476464509964,d96a4e0f86a0eccee3dc044f9c35c6e67a31e70bbaebb3d3526ff49945beca7c,results\formal_slices\B4_deferred_N16384_B1024_seed104.json,019254a59cfd09df85b28cfe834e49db4e7109cd12e79257d0cc4c91bd910abd
B4_deferred_N16384_B1024_seed105,16384,1024,deferred,uniform,105,150875.40234375,5.33349609375,224.660147190094,dbc30c75417ce44bb73596815d90a453274b385fdae73018eb28f82b3d9ee63f,results\formal_slices\B4_deferred_N16384_B1024_seed105.json,f8a952861dba649e55574142ed4e426e0c1b0626ae2251c5dbc235420795e00a
B4_deferred_N16384_B256_seed101,16384,256,deferred,uniform,101,74082.90234375,5.33349609375,128.21312928199768,b7d3bd5c28d75b4428a53e777ae6988848172468e5c7efeac1da241e7e32c9c4,results\formal_slices\B4_deferred_N16384_B256_seed101.json,cd95f0d887de05c95794b89c1ad189b956590406206692cd7ae3f3b33bc1acac
B4_deferred_N16384_B256_seed102,16384,256,deferred,uniform,102,74082.90234375,5.33349609375,121.69363021850586,bb1c41341a6d66a1e761a2b83d6499bc08c4f7b4f0082621880b2d0aa1b8200a,results\formal_slices\B4_deferred_N16384_B256_seed102.json,fc8fd2bd33d032a0d6ead82db6353f8813b0998c4a0dd08629ec41a60c42431c
B4_deferred_N16384_B256_seed103,16384,256,deferred,uniform,103,74082.90234375,5.33349609375,134.7926709651947,44f71098c82825393d25ffb0c8b6b2f90f458c7fd3c6cb19e5dfd1ec8c5b69fc,results\formal_slices\B4_deferred_N16384_B256_seed103.json,453ba78feff784d3010423f325da671c224f96cc7922413cbf2256d0660d0847
B4_deferred_N16384_B256_seed104,16384,256,deferred,uniform,104,74082.90234375,5.33349609375,121.53643274307251,c660add4d404aef8435fdc466564727d430d7e963c9f40f4d8a8902d1fd5c8f2,results\formal_slices\B4_deferred_N16384_B256_seed104.json,fb650941bac34e23d0d6a2d4c416ad5a3b37af5cf6f88a22bf0d6aab8fa814c3
B4_deferred_N16384_B256_seed105,16384,256,deferred,uniform,105,74082.90234375,5.33349609375,121.6814455986023,8df8edb6cafdb046033e3129732befa0e27dd384b06098d45a95e79cb10a6c5b,results\formal_slices\B4_deferred_N16384_B256_seed105.json,a13542872e419e900e73009731cce5dcc971a56ff4f6c40d63d76b10cbf472de
B4_deferred_N16384_B64_seed101,16384,64,deferred,uniform,101,54884.77734375,5.33349609375,126.55445384979248,1c967bfa50d41f08a3cfc6d81819f4703fbaac6fe5952bea70ede6a63c7f4c54,results\formal_slices\B4_deferred_N16384_B64_seed101.json,dc238c711e1b68a49bb03041ccf8cf8c7453cb2104613f4c63a7473d2e6b5511
B4_deferred_N16384_B64_seed102,16384,64,deferred,uniform,102,54884.77734375,5.33349609375,127.2037239074707,c8d2482881f2761c14f3582589fe00aeeb2fe8ab1b662a69bf11c0609e8cac9f,results\formal_slices\B4_deferred_N16384_B64_seed102.json,93603e17d1d778bf7e703f5c99756b7895586339ea481696899c1e72ae5faaf5
B4_deferred_N16384_B64_seed103,16384,64,deferred,uniform,103,54884.77734375,5.33349609375,119.08100724220276,9d23e85cb054285d127c8916d023ba8679697f6a704e36b7db3b1c7706d4c70f,results\formal_slices\B4_deferred_N16384_B64_seed103.json,17ce8408065ca1a865341ec02c05511c4b28fac8a4ff57c52831e9fe5751af74
B4_deferred_N16384_B64_seed104,16384,64,deferred,uniform,104,54884.77734375,5.33349609375,113.0308587551117,778954bb64a6396e5f2b63d7f66e9992ac759b5d75a4a30a6e23a25ec30cd6cf,results\formal_slices\B4_deferred_N16384_B64_seed104.json,60193521481d491c758ceab36d5cf0b8e5286b6bcff6ec8b6dab257a1f1a9198
B4_deferred_N16384_B64_seed105,16384,64,deferred,uniform,105,54884.77734375,5.33349609375,111.7789351940155,6c90a9dfb7d1330890bd0826b3b72e1e57add01dc997742b344c19a4ac1ff5a6,results\formal_slices\B4_deferred_N16384_B64_seed105.json,f1da1376bc772bb0bdd8e9c5f131cc3ed534c236b6d2080d3fe887a88c113e79
B4_deferred_N4096_B4096_seed101,4096,4096,deferred,uniform,101,366897.88671875,2.66650390625,111.09557223320007,0b558f3044186e22731b7053435137dd6f7d0906336dd30ac30b569ddce7c7cf,results\formal_slices\B4_deferred_N4096_B4096_seed101.json,a5d18dc7f7ca3e56e342dfc33dd43da2b5ba5d29072fd0a76ef334d0885cd86f
B4_deferred_N4096_B4096_seed102,4096,4096,deferred,uniform,102,366897.88671875,2.66650390625,111.56104326248169,f8e0163e9c1e34402b0a6e8ede2c5fecbb2cb60d9530c1e059d29d30958919b7,results\formal_slices\B4_deferred_N4096_B4096_seed102.json,0c79c6575b3fb08e798752635ab501f671a2927408329ee537e59b9254c37abf
B4_deferred_N4096_B4096_seed103,4096,4096,deferred,uniform,103,366897.88671875,2.66650390625,111.53294634819031,5615cb9abebb215bb9208c51b7c4144ce65487679e3dfa5f0a251ae7bc313519,results\formal_slices\B4_deferred_N4096_B4096_seed103.json,10a85dbb13943c23f398583af7df721947748516146ca80c44491abd07ddfe56
B4_deferred_N4096_B4096_seed104,4096,4096,deferred,uniform,104,366897.88671875,2.66650390625,110.28016901016235,1af7c12b082585da372e263c152c467f56a2dae2f0543e10700cc635a265592f,results\formal_slices\B4_deferred_N4096_B4096_seed104.json,9e71504f645582f5edd7ccf4a913923ff80b554d8c907046bd6ef828ccedac1c
B4_deferred_N4096_B4096_seed105,4096,4096,deferred,uniform,105,366897.88671875,2.66650390625,110.03062200546265,98f5d800bdfbee783a2bb7aa03248fec8a770bf36f541d8d5334a4d1d4ed5605,results\formal_slices\B4_deferred_N4096_B4096_seed105.json,1eeddee3caf779b80ee328ff0936c0d0448009be9a74bfde2dbbdddd3d8d4e82
B4_deferred_N65536_B4096_seed101,65536,4096,deferred,uniform,101,523108.1875,5.33349609375,1331.9154279232025,c15cfab35b3cd6083de830c43b5832c4846b148bff2e62a0c8c346d51d539ba6,results\formal_slices\B4_deferred_N65536_B4096_seed101.json,9452feba995ad917be30c3452b04fcd68f0edb5f340e19bec38f2a469d7accb9
B4_deferred_N65536_B4096_seed102,65536,4096,deferred,uniform,102,523108.1875,5.33349609375,1167.1519448757172,1e35074a1a9dca49fa0117ab2b31900767601819ec16e57a86b6228fbb08f163,results\formal_slices\B4_deferred_N65536_B4096_seed102.json,97daebb43abab36e1ba1d6001696bc2fccd96d021a77db2c921ba2377bd3c829
B4_deferred_N65536_B4096_seed103,65536,4096,deferred,uniform,103,523108.1875,5.33349609375,1178.6359140872955,cfe63f6707a8148bb7d44c0ae041fc9e9a8157bc99cf9b4b8b8fbe20e4ce4bee,results\formal_slices\B4_deferred_N65536_B4096_seed103.json,43ae5e62442bc9c71e7df507de4a4ff00d120ff912c2cdcdc4e598e3d856fa15
B4_deferred_N65536_B4096_seed104,65536,4096,deferred,uniform,104,523108.1875,5.33349609375,1063.6056797504425,65677b656f14bd72f885517fc27d7685b532f757a053727192c90f62ce153ae5,results\formal_slices\B4_deferred_N65536_B4096_seed104.json,9d5bec7b3d4423d110cc363f66e976128cd997f3e22195a1f5e43a4c0a7d1e8c
B4_deferred_N65536_B4096_seed105,65536,4096,deferred,uniform,105,523108.1875,5.33349609375,1058.2995655536652,bb4d57685d4c7e77d6806afe9ea1e666950e970b944027b1d377d44184a9eed9,results\formal_slices\B4_deferred_N65536_B4096_seed105.json,17d21838c27ba41407431460d3702d88c48b3d11bb335e2f6e0a2808da4caf74
B4_path_N16384_B1024_seed101,16384,1024,path,uniform,101,172632.0,4.0,189.81762051582336,6cad71d57fb07d1cca4ee6d573e63867d77b4a38582176ce52627cf066c79d90,results\formal_slices\B4_path_N16384_B1024_seed101.json,d170b97f7446e123fa5ecc73b2bfb749455f692de107b9b515bbb04189f730a5
B4_path_N16384_B1024_seed102,16384,1024,path,uniform,102,172632.0,4.0,192.25339126586914,14484a7fdd9930e5e2c5b37453bd8bf84e77c5d72c7fda32e0dc2b1c4d8375f0,results\formal_slices\B4_path_N16384_B1024_seed102.json,dd0e374398dee1dc8dccbc0e53357915d21a88d2fa37dea47aaf6a80d11e9d3e
B4_path_N16384_B1024_seed103,16384,1024,path,uniform,103,172632.0,4.0,200.74230885505676,f844096dbeae7ca3787f832113f3242061873af752d8cf6b2f7e894b1c560f4c,results\formal_slices\B4_path_N16384_B1024_seed103.json,c7627e69241f4d40d2dd305dd2f970d78d55135a1e9731621f6e80239835f237
B4_path_N16384_B1024_seed104,16384,1024,path,uniform,104,172632.0,4.0,195.4552400112152,d96a4e0f86a0eccee3dc044f9c35c6e67a31e70bbaebb3d3526ff49945beca7c,results\formal_slices\B4_path_N16384_B1024_seed104.json,52d001f1981c8ce4c54d75667a8344ec1126c470bb158685c3bfcb47f804e0c7
B4_path_N16384_B1024_seed105,16384,1024,path,uniform,105,172632.0,4.0,234.1343891620636,dbc30c75417ce44bb73596815d90a453274b385fdae73018eb28f82b3d9ee63f,results\formal_slices\B4_path_N16384_B1024_seed105.json,b7b9f3bec764619d1e90d12d4a39a095165f21a8a87c3175ac2babc4b2e8ed47
B4_path_N16384_B256_seed101,16384,256,path,uniform,101,80472.0,4.0,135.73409461975098,b7d3bd5c28d75b4428a53e777ae6988848172468e5c7efeac1da241e7e32c9c4,results\formal_slices\B4_path_N16384_B256_seed101.json,35c09028340b39bae86561161b301fbef258c7bce81a3c24d7c489ba3c9f50d7
B4_path_N16384_B256_seed102,16384,256,path,uniform,102,80472.0,4.0,126.45444083213806,bb1c41341a6d66a1e761a2b83d6499bc08c4f7b4f0082621880b2d0aa1b8200a,results\formal_slices\B4_path_N16384_B256_seed102.json,77650cd1519560a5b8ac4be51fa0b1186913306f4ab23de5b6136b3dbc0dd569
B4_path_N16384_B256_seed103,16384,256,path,uniform,103,80472.0,4.0,141.20391273498535,44f71098c82825393d25ffb0c8b6b2f90f458c7fd3c6cb19e5dfd1ec8c5b69fc,results\formal_slices\B4_path_N16384_B256_seed103.json,43063160848b8e9eff76f993c95dd4d30d34912d95a1c52ad0ba710beaf65432
B4_path_N16384_B256_seed104,16384,256,path,uniform,104,80472.0,4.0,127.5618999004364,c660add4d404aef8435fdc466564727d430d7e963c9f40f4d8a8902d1fd5c8f2,results\formal_slices\B4_path_N16384_B256_seed104.json,e8136363c777797e2835bef71b7e989ba450f3e93b2a9767fe25c6a9e8dd4c8d
B4_path_N16384_B256_seed105,16384,256,path,uniform,105,80472.0,4.0,129.00134825706482,8df8edb6cafdb046033e3129732befa0e27dd384b06098d45a95e79cb10a6c5b,results\formal_slices\B4_path_N16384_B256_seed105.json,1c920d14180d2d52856842e4135e4ba576bedb312fc884fe5cb249ee7c9ae435
B4_path_N16384_B64_seed101,16384,64,path,uniform,101,57432.0,4.0,130.868323802948,1c967bfa50d41f08a3cfc6d81819f4703fbaac6fe5952bea70ede6a63c7f4c54,results\formal_slices\B4_path_N16384_B64_seed101.json,b217886fa35cba2872dab49c1a3b23f1a39f7a4353288d16349a76996e696de4
B4_path_N16384_B64_seed102,16384,64,path,uniform,102,57432.0,4.0,130.01181840896606,c8d2482881f2761c14f3582589fe00aeeb2fe8ab1b662a69bf11c0609e8cac9f,results\formal_slices\B4_path_N16384_B64_seed102.json,c4d13d4b506e1605bd91a2b4852db70cc1ecde44b682b4e18395dd1709222564
B4_path_N16384_B64_seed103,16384,64,path,uniform,103,57432.0,4.0,121.48594498634338,9d23e85cb054285d127c8916d023ba8679697f6a704e36b7db3b1c7706d4c70f,results\formal_slices\B4_path_N16384_B64_seed103.json,da04c58ee95b8a4828ec3b6c50caf00908b94c206bae4080ea109d47e6df1a52
B4_path_N16384_B64_seed104,16384,64,path,uniform,104,57432.0,4.0,115.38929224014282,778954bb64a6396e5f2b63d7f66e9992ac759b5d75a4a30a6e23a25ec30cd6cf,results\formal_slices\B4_path_N16384_B64_seed104.json,f82a85ca5d51f8b36cbd92bf3ab760340e0e04fe2a76213c6889ff5534246ddb
B4_path_N16384_B64_seed105,16384,64,path,uniform,105,57432.0,4.0,114.13679528236389,6c90a9dfb7d1330890bd0826b3b72e1e57add01dc997742b344c19a4ac1ff5a6,results\formal_slices\B4_path_N16384_B64_seed105.json,ea50ded637dbd37983ffa64e8384929d9a647a197caee6f0ec01d1e0ee642951
B4_path_N4096_B4096_seed101,4096,4096,path,uniform,101,435568.0,2.0,129.24450373649597,0b558f3044186e22731b7053435137dd6f7d0906336dd30ac30b569ddce7c7cf,results\formal_slices\B4_path_N4096_B4096_seed101.json,593975a2d16bd5447db9aeca5f709535fd147304cf67e20461e8284603d57e68
B4_path_N4096_B4096_seed102,4096,4096,path,uniform,102,435568.0,2.0,125.00748133659363,f8e0163e9c1e34402b0a6e8ede2c5fecbb2cb60d9530c1e059d29d30958919b7,results\formal_slices\B4_path_N4096_B4096_seed102.json,55726973513d67f0b38dd55a867a6731860b98124659e2e294a77285affa1b3c
B4_path_N4096_B4096_seed103,4096,4096,path,uniform,103,435568.0,2.0,125.76162552833557,5615cb9abebb215bb9208c51b7c4144ce65487679e3dfa5f0a251ae7bc313519,results\formal_slices\B4_path_N4096_B4096_seed103.json,e0dcb2d5b6c9976d75c8a3a95cea74436e56a81c0cb0f241d537147ee00f052e
B4_path_N4096_B4096_seed104,4096,4096,path,uniform,104,435568.0,2.0,125.41886734962463,1af7c12b082585da372e263c152c467f56a2dae2f0543e10700cc635a265592f,results\formal_slices\B4_path_N4096_B4096_seed104.json,5d0c0958432e9ede4dec97b2d51f61c10bd12a9566bf8419367a2c0cfb51d98b
B4_path_N4096_B4096_seed105,4096,4096,path,uniform,105,435568.0,2.0,126.28596544265747,98f5d800bdfbee783a2bb7aa03248fec8a770bf36f541d8d5334a4d1d4ed5605,results\formal_slices\B4_path_N4096_B4096_seed105.json,2a9dfbcd5a9fca5860f731c9cd33e74ac1668577ba9eaf837dc137e9501dcfed
B4_path_N65536_B4096_seed101,65536,4096,path,uniform,101,617912.0,4.0,1403.8350186347961,c15cfab35b3cd6083de830c43b5832c4846b148bff2e62a0c8c346d51d539ba6,results\formal_slices\B4_path_N65536_B4096_seed101.json,339bfc95b957435659d8ab6b89dd4553d275a2a49ef30f48b61d473a996ea48c
B4_path_N65536_B4096_seed102,65536,4096,path,uniform,102,617912.0,4.0,1294.3063151836395,1e35074a1a9dca49fa0117ab2b31900767601819ec16e57a86b6228fbb08f163,results\formal_slices\B4_path_N65536_B4096_seed102.json,533b0b8c66b227902624fa0ad0876a4812efb8144b7cfe3475528c807e5ea2dd
B4_path_N65536_B4096_seed103,65536,4096,path,uniform,103,617912.0,4.0,1296.5117990970612,cfe63f6707a8148bb7d44c0ae041fc9e9a8157bc99cf9b4b8b8fbe20e4ce4bee,results\formal_slices\B4_path_N65536_B4096_seed103.json,89ac8fb4e3cfbebdcddc196a77e19d8a712e885d04a36e5b23d38cd9c0c0767b
B4_path_N65536_B4096_seed104,65536,4096,path,uniform,104,617912.0,4.0,1242.2905099391937,65677b656f14bd72f885517fc27d7685b532f757a053727192c90f62ce153ae5,results\formal_slices\B4_path_N65536_B4096_seed104.json,b6a244775bab6cf35846aeea997a38af250ec90c14d8b31b9bafc0eddb53ed5b
B4_path_N65536_B4096_seed105,65536,4096,path,uniform,105,617912.0,4.0,1258.9609949588776,bb4d57685d4c7e77d6806afe9ea1e666950e970b944027b1d377d44184a9eed9,results\formal_slices\B4_path_N65536_B4096_seed105.json,517fd55e0d592a9e1592f47d4a8e83ac54346bac912c9a5112e74155c1b00d09
B4_r0_N16384_B1024_seed101,16384,1024,r0,uniform,101,110351.796875,8.000244140625,171.259459733963,6cad71d57fb07d1cca4ee6d573e63867d77b4a38582176ce52627cf066c79d90,results\formal_slices\B4_r0_N16384_B1024_seed101.json,4ad126649050999f5571a714abc15137eca0ed08faab11e4fb845e72cf54b547
B4_r0_N16384_B1024_seed102,16384,1024,r0,uniform,102,109990.21484375,8.000244140625,210.89030933380127,14484a7fdd9930e5e2c5b37453bd8bf84e77c5d72c7fda32e0dc2b1c4d8375f0,results\formal_slices\B4_r0_N16384_B1024_seed102.json,58e8bd10594000d5fdd54b6de47a5c96af6682808c1b999eca709a5ac2736a4f
B4_r0_N16384_B1024_seed103,16384,1024,r0,uniform,103,110222.125,8.000244140625,192.77156972885132,f844096dbeae7ca3787f832113f3242061873af752d8cf6b2f7e894b1c560f4c,results\formal_slices\B4_r0_N16384_B1024_seed103.json,747b424e74da91fb050797ef7c4675f50a08719790018fe8c3b5f234108ae978
B4_r0_N16384_B1024_seed104,16384,1024,r0,uniform,104,110095.16796875,8.000244140625,200.43447470664978,d96a4e0f86a0eccee3dc044f9c35c6e67a31e70bbaebb3d3526ff49945beca7c,results\formal_slices\B4_r0_N16384_B1024_seed104.json,64c80cea71c0ea34112da60a5744b64747c34b7ce6480bcb3f867fc00785cb51
B4_r0_N16384_B1024_seed105,16384,1024,r0,uniform,105,110207.70703125,8.000244140625,222.14822220802307,dbc30c75417ce44bb73596815d90a453274b385fdae73018eb28f82b3d9ee63f,results\formal_slices\B4_r0_N16384_B1024_seed105.json,20fc4ced897fb54d15ac5b9470872807a4d669e4c28f811fc66aa3cbcd780b2c
B4_r0_N16384_B256_seed101,16384,256,r0,uniform,101,60881.6640625,8.000244140625,151.5746989250183,b7d3bd5c28d75b4428a53e777ae6988848172468e5c7efeac1da241e7e32c9c4,results\formal_slices\B4_r0_N16384_B256_seed101.json,204d3344679f9275ff46a1ca1c83eb52b714ff371bc08fea23ab79ec0452523f
B4_r0_N16384_B256_seed102,16384,256,r0,uniform,102,60852.41796875,8.000244140625,169.10354113578796,bb1c41341a6d66a1e761a2b83d6499bc08c4f7b4f0082621880b2d0aa1b8200a,results\formal_slices\B4_r0_N16384_B256_seed102.json,e23d15afdd79ac3ed30ccee86d8ac9663b74f0055db1acd916f5a1d26389e923
B4_r0_N16384_B256_seed103,16384,256,r0,uniform,103,60904.765625,8.000244140625,149.4921362400055,44f71098c82825393d25ffb0c8b6b2f90f458c7fd3c6cb19e5dfd1ec8c5b69fc,results\formal_slices\B4_r0_N16384_B256_seed103.json,55dbda3d53e62e14f3401025f91784f1700b0064646238c41c00d2a1314d502f
B4_r0_N16384_B256_seed104,16384,256,r0,uniform,104,60891.37109375,8.000244140625,150.66412234306335,c660add4d404aef8435fdc466564727d430d7e963c9f40f4d8a8902d1fd5c8f2,results\formal_slices\B4_r0_N16384_B256_seed104.json,fe59b1f03473b9066c48e9a59ce5dab291030af6bb0313e32b836e213b98bd86
B4_r0_N16384_B256_seed105,16384,256,r0,uniform,105,61009.0390625,8.000244140625,165.33258700370789,8df8edb6cafdb046033e3129732befa0e27dd384b06098d45a95e79cb10a6c5b,results\formal_slices\B4_r0_N16384_B256_seed105.json,bb9eb9f38c79f1043bce37956461d44ac867c5b85176750807cd892c2d492c2a
B4_r0_N16384_B64_seed101,16384,64,r0,uniform,101,48525.08984375,8.000244140625,167.38490843772888,1c967bfa50d41f08a3cfc6d81819f4703fbaac6fe5952bea70ede6a63c7f4c54,results\formal_slices\B4_r0_N16384_B64_seed101.json,d84e6f490d606755293a2c9c03cc758d63f8250a9e855016ada20dcf344338da
B4_r0_N16384_B64_seed102,16384,64,r0,uniform,102,48568.25390625,8.000244140625,154.09168910980225,c8d2482881f2761c14f3582589fe00aeeb2fe8ab1b662a69bf11c0609e8cac9f,results\formal_slices\B4_r0_N16384_B64_seed102.json,2e4b476737276843d7ae411c302df82ff7ccf1425fa4123c8c5fe9b22b6c893e
B4_r0_N16384_B64_seed103,16384,64,r0,uniform,103,48652.23046875,8.000244140625,152.9899024963379,9d23e85cb054285d127c8916d023ba8679697f6a704e36b7db3b1c7706d4c70f,results\formal_slices\B4_r0_N16384_B64_seed103.json,edfe7421e9da897a8f950b4b7c3454dc9872b4a439fc79abe3d529b91f44b926
B4_r0_N16384_B64_seed104,16384,64,r0,uniform,104,48580.89453125,8.000244140625,145.01639533042908,778954bb64a6396e5f2b63d7f66e9992ac759b5d75a4a30a6e23a25ec30cd6cf,results\formal_slices\B4_r0_N16384_B64_seed104.json,9c6cfd44b779ac9ca4f28f835298cbcd8e1df754c88fdfe76ce43ebb350e08a9
B4_r0_N16384_B64_seed105,16384,64,r0,uniform,105,48571.6484375,8.000244140625,146.28488659858704,6c90a9dfb7d1330890bd0826b3b72e1e57add01dc997742b344c19a4ac1ff5a6,results\formal_slices\B4_r0_N16384_B64_seed105.json,8cfd5a60b04f792a5eba0346201cb35ffbcaf3ac541a4e18ce168c1cc60d9615
B4_r0_N4096_B4096_seed101,4096,4096,r0,uniform,101,242585.93359375,3.999755859375,98.49736762046814,0b558f3044186e22731b7053435137dd6f7d0906336dd30ac30b569ddce7c7cf,results\formal_slices\B4_r0_N4096_B4096_seed101.json,dfe59d744c80bd0b9901b8a86ba89bed1d3cf8a0b70b668ce42e6fcf9e39ad96
B4_r0_N4096_B4096_seed102,4096,4096,r0,uniform,102,243395.3359375,3.999755859375,97.31396245956421,f8e0163e9c1e34402b0a6e8ede2c5fecbb2cb60d9530c1e059d29d30958919b7,results\formal_slices\B4_r0_N4096_B4096_seed102.json,13f404b57f451e3517ebb8e39251e8a0f40d3d934a721f054d7bf957ba079ec8
B4_r0_N4096_B4096_seed103,4096,4096,r0,uniform,103,242581.0,3.999755859375,96.55613112449646,5615cb9abebb215bb9208c51b7c4144ce65487679e3dfa5f0a251ae7bc313519,results\formal_slices\B4_r0_N4096_B4096_seed103.json,b69031d5a0e065a4cd5464185c7583eda7154d1678315991f45ef1778a26816e
B4_r0_N4096_B4096_seed104,4096,4096,r0,uniform,104,243452.203125,3.999755859375,96.92581534385681,1af7c12b082585da372e263c152c467f56a2dae2f0543e10700cc635a265592f,results\formal_slices\B4_r0_N4096_B4096_seed104.json,64d56c61d212350e2ed278a9150f8eff7f7e90b0070ea1f83f022839972f2ea1
B4_r0_N4096_B4096_seed105,4096,4096,r0,uniform,105,242638.23046875,3.999755859375,96.51691937446594,98f5d800bdfbee783a2bb7aa03248fec8a770bf36f541d8d5334a4d1d4ed5605,results\formal_slices\B4_r0_N4096_B4096_seed105.json,784b6e539fa7d743cd46a5ec69189fefc5df354f7181f9741e688e94ff39a6d7
B4_r0_N65536_B4096_seed101,65536,4096,r0,uniform,101,354554.37109375,8.000244140625,1073.4365923404694,c15cfab35b3cd6083de830c43b5832c4846b148bff2e62a0c8c346d51d539ba6,results\formal_slices\B4_r0_N65536_B4096_seed101.json,071123da4b6301ee7f02b3d67b4180a07c39e8cc55481b1dff064318ad8ba805
B4_r0_N65536_B4096_seed102,65536,4096,r0,uniform,102,353550.03515625,8.000244140625,1056.6328349113464,1e35074a1a9dca49fa0117ab2b31900767601819ec16e57a86b6228fbb08f163,results\formal_slices\B4_r0_N65536_B4096_seed102.json,efe94cdb3353cb4208f450fb17e9403c051ab2b6270792ab8a92a8a148cf3d36
B4_r0_N65536_B4096_seed103,65536,4096,r0,uniform,103,353266.26171875,8.000244140625,1058.862049818039,cfe63f6707a8148bb7d44c0ae041fc9e9a8157bc99cf9b4b8b8fbe20e4ce4bee,results\formal_slices\B4_r0_N65536_B4096_seed103.json,2a89ad636315ebbec36cff3539622785e9cf18635314495ad0377fd7e7db4918
B4_r0_N65536_B4096_seed104,65536,4096,r0,uniform,104,353603.2421875,8.000244140625,1005.4718725681305,65677b656f14bd72f885517fc27d7685b532f757a053727192c90f62ce153ae5,results\formal_slices\B4_r0_N65536_B4096_seed104.json,73b82851c42c93970ea025b8224d79828a09c150449038e57bb5d226fbbb3d7b
B4_r0_N65536_B4096_seed105,65536,4096,r0,uniform,105,354483.5546875,8.000244140625,1000.4358839988708,bb4d57685d4c7e77d6806afe9ea1e666950e970b944027b1d377d44184a9eed9,results\formal_slices\B4_r0_N65536_B4096_seed105.json,7909623baba0fba8e576c8f2d61a7e33fdd7d075f1709c6399bdc66efeaf485c
B4_ring_N16384_B1024_seed101,16384,1024,ring,uniform,101,150744.4140625,8.000244140625,226.77526903152466,6cad71d57fb07d1cca4ee6d573e63867d77b4a38582176ce52627cf066c79d90,results\formal_slices\B4_ring_N16384_B1024_seed101.json,d33e5bdf28fdc0e513621e6f970131ec7b5748dface0494ac0764d5527c05541
B4_ring_N16384_B1024_seed102,16384,1024,ring,uniform,102,150712.203125,8.000244140625,264.47903871536255,14484a7fdd9930e5e2c5b37453bd8bf84e77c5d72c7fda32e0dc2b1c4d8375f0,results\formal_slices\B4_ring_N16384_B1024_seed102.json,e0ccc538524df84d55ea17c5b29ccde28b167d1d9788595c92ba07978be810f6
B4_ring_N16384_B1024_seed103,16384,1024,ring,uniform,103,150934.8203125,8.000244140625,260.874959230423,f844096dbeae7ca3787f832113f3242061873af752d8cf6b2f7e894b1c560f4c,results\formal_slices\B4_ring_N16384_B1024_seed103.json,695abf42ceba7e85cb1ebcc5f6288313471431106d065096e5238a544f07b19d
B4_ring_N16384_B1024_seed104,16384,1024,ring,uniform,104,150583.96875,8.000244140625,265.77845525741577,d96a4e0f86a0eccee3dc044f9c35c6e67a31e70bbaebb3d3526ff49945beca7c,results\formal_slices\B4_ring_N16384_B1024_seed104.json,9ebd3946a603f5f7d61da20210d59bde555a8ea8d3ed94217f881c270b938fab
B4_ring_N16384_B1024_seed105,16384,1024,ring,uniform,105,150603.4609375,8.000244140625,318.40999937057495,dbc30c75417ce44bb73596815d90a453274b385fdae73018eb28f82b3d9ee63f,results\formal_slices\B4_ring_N16384_B1024_seed105.json,2c08fa4117b4d71d8e7b9e18359f5234e3236279e06b5a363f3bd34c1b03cb07
B4_ring_N16384_B256_seed101,16384,256,ring,uniform,101,83841.53125,8.000244140625,200.11029958724976,b7d3bd5c28d75b4428a53e777ae6988848172468e5c7efeac1da241e7e32c9c4,results\formal_slices\B4_ring_N16384_B256_seed101.json,de2fdb449d0444453322bc6446013c5852e4faf07515fab5395db83221948dfe
B4_ring_N16384_B256_seed102,16384,256,ring,uniform,102,83737.875,8.000244140625,198.5625238418579,bb1c41341a6d66a1e761a2b83d6499bc08c4f7b4f0082621880b2d0aa1b8200a,results\formal_slices\B4_ring_N16384_B256_seed102.json,86c1503d57cba89f2470f7720378be1cb8263d35e3f17aa2462df31203f5da52
B4_ring_N16384_B256_seed103,16384,256,ring,uniform,103,83784.3515625,8.000244140625,213.2719008922577,44f71098c82825393d25ffb0c8b6b2f90f458c7fd3c6cb19e5dfd1ec8c5b69fc,results\formal_slices\B4_ring_N16384_B256_seed103.json,81b489e432c4eb871a5a74df8923114815e2ee5e5dae7b8d0e47726f6f0b8793
B4_ring_N16384_B256_seed104,16384,256,ring,uniform,104,83770.3203125,8.000244140625,208.52080535888672,c660add4d404aef8435fdc466564727d430d7e963c9f40f4d8a8902d1fd5c8f2,results\formal_slices\B4_ring_N16384_B256_seed104.json,548f52f16523047602c78569f9a833f9a7a4514285e508afcccb496b2652a525
B4_ring_N16384_B256_seed105,16384,256,ring,uniform,105,83743.6875,8.000244140625,219.59338545799255,8df8edb6cafdb046033e3129732befa0e27dd384b06098d45a95e79cb10a6c5b,results\formal_slices\B4_ring_N16384_B256_seed105.json,1759fc64bf5ac51760e2c0297127ded65b7e97dba938ab3cf6b9d85003b2f6b7
B4_ring_N16384_B64_seed101,16384,64,ring,uniform,101,67150.9765625,8.000244140625,224.44126510620117,1c967bfa50d41f08a3cfc6d81819f4703fbaac6fe5952bea70ede6a63c7f4c54,results\formal_slices\B4_ring_N16384_B64_seed101.json,8a065d003fca0898fb0f8abcfa810c5d179357f7d8ccfdd858f0af7d978f41a0
B4_ring_N16384_B64_seed102,16384,64,ring,uniform,102,67142.1796875,8.000244140625,207.91998600959778,c8d2482881f2761c14f3582589fe00aeeb2fe8ab1b662a69bf11c0609e8cac9f,results\formal_slices\B4_ring_N16384_B64_seed102.json,92bbaed24ce38703b856540522fa42a4e6760e71dc17e97adc21754b1eeccba6
B4_ring_N16384_B64_seed103,16384,64,ring,uniform,103,67078.203125,8.000244140625,207.74091863632202,9d23e85cb054285d127c8916d023ba8679697f6a704e36b7db3b1c7706d4c70f,results\formal_slices\B4_ring_N16384_B64_seed103.json,455ca82a5ef4b53119a87642fbe5cecc55e5ba7f041e59f1ef710c760efa1faf
B4_ring_N16384_B64_seed104,16384,64,ring,uniform,104,67080.6328125,8.000244140625,196.13197302818298,778954bb64a6396e5f2b63d7f66e9992ac759b5d75a4a30a6e23a25ec30cd6cf,results\formal_slices\B4_ring_N16384_B64_seed104.json,1e81d1aff80937dda399d54ca45aa9fd8a41b6c10ecee78866d671f8d6561419
B4_ring_N16384_B64_seed105,16384,64,ring,uniform,105,67015.90625,8.000244140625,196.99186325073242,6c90a9dfb7d1330890bd0826b3b72e1e57add01dc997742b344c19a4ac1ff5a6,results\formal_slices\B4_ring_N16384_B64_seed105.json,425c66142218384d81983aab341a9c7d61ae16a2383ba273d3ad8b6b8d2fbc12
B4_ring_N4096_B4096_seed101,4096,4096,ring,uniform,101,331143.59375,3.999755859375,129.02710342407227,0b558f3044186e22731b7053435137dd6f7d0906336dd30ac30b569ddce7c7cf,results\formal_slices\B4_ring_N4096_B4096_seed101.json,5e91c6326789e569c958c73280d5134ee16e1e69c6bdec66e78dca6e584b2f16
B4_ring_N4096_B4096_seed102,4096,4096,ring,uniform,102,330794.5,3.999755859375,128.16583943367004,f8e0163e9c1e34402b0a6e8ede2c5fecbb2cb60d9530c1e059d29d30958919b7,results\formal_slices\B4_ring_N4096_B4096_seed102.json,32520e2f61907f60203cce5585af5fa510b2fa8c4414133cf9aaf81f4a2f6757
B4_ring_N4096_B4096_seed103,4096,4096,ring,uniform,103,331081.25,3.999755859375,127.88284206390381,5615cb9abebb215bb9208c51b7c4144ce65487679e3dfa5f0a251ae7bc313519,results\formal_slices\B4_ring_N4096_B4096_seed103.json,09dd7a5f3580b133045321fae3f70692389c2af6d5e44418e3b6d170c933b57a
B4_ring_N4096_B4096_seed104,4096,4096,ring,uniform,104,331439.3203125,3.999755859375,128.59077286720276,1af7c12b082585da372e263c152c467f56a2dae2f0543e10700cc635a265592f,results\formal_slices\B4_ring_N4096_B4096_seed104.json,258814def4978e288efe506a017ad916b96f3c268aee6ba22d6495d1f56fd552
B4_ring_N4096_B4096_seed105,4096,4096,ring,uniform,105,330886.3046875,3.999755859375,127.39013409614563,98f5d800bdfbee783a2bb7aa03248fec8a770bf36f541d8d5334a4d1d4ed5605,results\formal_slices\B4_ring_N4096_B4096_seed105.json,ff92a34073de115cc9b7089853b94360f08b6bebf21b3309436db1e29b36ec6c
B4_ring_N65536_B4096_seed101,65536,4096,ring,uniform,101,478218.65625,8.000244140625,1402.013032913208,c15cfab35b3cd6083de830c43b5832c4846b148bff2e62a0c8c346d51d539ba6,results\formal_slices\B4_ring_N65536_B4096_seed101.json,10995953530c44fb8f257df351f5e85f33faef11703d78c3207b7cb5b882dec5
B4_ring_N65536_B4096_seed102,65536,4096,ring,uniform,102,477707.0859375,8.000244140625,1381.4892106056213,1e35074a1a9dca49fa0117ab2b31900767601819ec16e57a86b6228fbb08f163,results\formal_slices\B4_ring_N65536_B4096_seed102.json,1fb3e181e7afa2f8a3b4a07a71f8a270bc57325239d3c301a2c3df9e0ba18915
B4_ring_N65536_B4096_seed103,65536,4096,ring,uniform,103,479247.8203125,8.000244140625,1375.241559267044,cfe63f6707a8148bb7d44c0ae041fc9e9a8157bc99cf9b4b8b8fbe20e4ce4bee,results\formal_slices\B4_ring_N65536_B4096_seed103.json,197adec66e33c179ca36bcd36b42fdfe86ced71d2487fc8a04cdae4e47942f6e
B4_ring_N65536_B4096_seed104,65536,4096,ring,uniform,104,477988.8046875,8.000244140625,1327.160537481308,65677b656f14bd72f885517fc27d7685b532f757a053727192c90f62ce153ae5,results\formal_slices\B4_ring_N65536_B4096_seed104.json,9fcbb5ecd0fa425f615b5c51cd8125f8d3a08f97d85522546bc5c91525ad9830
B4_ring_N65536_B4096_seed105,65536,4096,ring,uniform,105,478580.0,8.000244140625,1302.1282980442047,bb4d57685d4c7e77d6806afe9ea1e666950e970b944027b1d377d44184a9eed9,results\formal_slices\B4_ring_N65536_B4096_seed105.json,fd77387e0365147eafe14ca161fdd800159e2de6d4f2b4e02b54fe55282758bb
B4_sde_N16384_B1024_seed101,16384,1024,sde,uniform,101,115220.32421875,5.33349609375,122.85156631469727,6cad71d57fb07d1cca4ee6d573e63867d77b4a38582176ce52627cf066c79d90,results\formal_slices\B4_sde_N16384_B1024_seed101.json,c2b621b9a17a1a11ba49bf08cfe14d07361e707c133102d3a914b114bfeab5cf
B4_sde_N16384_B1024_seed102,16384,1024,sde,uniform,102,115234.75390625,5.33349609375,143.2853240966797,14484a7fdd9930e5e2c5b37453bd8bf84e77c5d72c7fda32e0dc2b1c4d8375f0,results\formal_slices\B4_sde_N16384_B1024_seed102.json,d849de83bef0650f3bc88e37bef1730383b71717850b4e9bc018da6c06dbbd5d
B4_sde_N16384_B1024_seed103,16384,1024,sde,uniform,103,115192.677734375,5.33349609375,144.8496448993683,f844096dbeae7ca3787f832113f3242061873af752d8cf6b2f7e894b1c560f4c,results\formal_slices\B4_sde_N16384_B1024_seed103.json,24ee8363fd072d1e3bc7b5850acdbe51a769fd9a6907a71f9991348236aaa50e
B4_sde_N16384_B1024_seed104,16384,1024,sde,uniform,104,114928.3046875,5.33349609375,143.1883089542389,d96a4e0f86a0eccee3dc044f9c35c6e67a31e70bbaebb3d3526ff49945beca7c,results\formal_slices\B4_sde_N16384_B1024_seed104.json,7515d0cc04e4bd96986576320fcece1dccf6b90f95477612d7ddc300eef4e16e
B4_sde_N16384_B1024_seed105,16384,1024,sde,uniform,105,115068.626953125,5.33349609375,179.80071902275085,dbc30c75417ce44bb73596815d90a453274b385fdae73018eb28f82b3d9ee63f,results\formal_slices\B4_sde_N16384_B1024_seed105.json,d4d42f204d75ca3275fb733c1028e4e2c7fa568ec162647f5e0f95ed009b4b59
B4_sde_N16384_B256_seed101,16384,256,sde,uniform,101,57201.857421875,5.33349609375,100.50042676925659,b7d3bd5c28d75b4428a53e777ae6988848172468e5c7efeac1da241e7e32c9c4,results\formal_slices\B4_sde_N16384_B256_seed101.json,c7aa4a11eb39e18e5119d75114a0ec4fb8a87b0a31b93dc206a6f6ce1d03da63
B4_sde_N16384_B256_seed102,16384,256,sde,uniform,102,57130.296875,5.33349609375,98.52800369262695,bb1c41341a6d66a1e761a2b83d6499bc08c4f7b4f0082621880b2d0aa1b8200a,results\formal_slices\B4_sde_N16384_B256_seed102.json,7d60f0cb4370864676f06c3a6c9a671df42d45a70ea915ebabd5ea45c92f8ea1
B4_sde_N16384_B256_seed103,16384,256,sde,uniform,103,57094.126953125,5.33349609375,108.64435410499573,44f71098c82825393d25ffb0c8b6b2f90f458c7fd3c6cb19e5dfd1ec8c5b69fc,results\formal_slices\B4_sde_N16384_B256_seed103.json,e0c8ad63e109eb4276776078f30c7af86df8cc59826e656f301437b49b9a7e8c
B4_sde_N16384_B256_seed104,16384,256,sde,uniform,104,57020.5390625,5.33349609375,112.63194870948792,c660add4d404aef8435fdc466564727d430d7e963c9f40f4d8a8902d1fd5c8f2,results\formal_slices\B4_sde_N16384_B256_seed104.json,9ead1f5b792ede057c302040992fb06008ccc61717e5a96692e951a75d8197cc
B4_sde_N16384_B256_seed105,16384,256,sde,uniform,105,57048.169921875,5.33349609375,98.42475819587708,8df8edb6cafdb046033e3129732befa0e27dd384b06098d45a95e79cb10a6c5b,results\formal_slices\B4_sde_N16384_B256_seed105.json,d66f037e397e6a57d73b3f0069314c8f65d3f0973e4c0e3b36bc337058d2e83d
B4_sde_N16384_B64_seed101,16384,64,sde,uniform,101,42668.46484375,5.33349609375,101.6516501903534,1c967bfa50d41f08a3cfc6d81819f4703fbaac6fe5952bea70ede6a63c7f4c54,results\formal_slices\B4_sde_N16384_B64_seed101.json,e4818cf5ae33cc7629a832a6d870cd81b3a2e27866e2165d4c0eb1afa2cdd7a2
B4_sde_N16384_B64_seed102,16384,64,sde,uniform,102,42582.33203125,5.33349609375,96.385915517807,c8d2482881f2761c14f3582589fe00aeeb2fe8ab1b662a69bf11c0609e8cac9f,results\formal_slices\B4_sde_N16384_B64_seed102.json,1c0c60f3319cd97f078577a982443140c7bcde0ac2fc0a1fabccc8201df7b89d
B4_sde_N16384_B64_seed103,16384,64,sde,uniform,103,42654.08203125,5.33349609375,95.72027468681335,9d23e85cb054285d127c8916d023ba8679697f6a704e36b7db3b1c7706d4c70f,results\formal_slices\B4_sde_N16384_B64_seed103.json,312bc869f5adc16b169d7f64392953f5d7f5c979ae66d738de27004205d53a79
B4_sde_N16384_B64_seed104,16384,64,sde,uniform,104,42504.470703125,5.33349609375,90.94530987739563,778954bb64a6396e5f2b63d7f66e9992ac759b5d75a4a30a6e23a25ec30cd6cf,results\formal_slices\B4_sde_N16384_B64_seed104.json,e55c8d404b857c876140285e523694e92252d74bc5ddf59a49f25843ef47986a
B4_sde_N16384_B64_seed105,16384,64,sde,uniform,105,42546.9765625,5.33349609375,90.24170970916748,6c90a9dfb7d1330890bd0826b3b72e1e57add01dc997742b344c19a4ac1ff5a6,results\formal_slices\B4_sde_N16384_B64_seed105.json,c533518e6c300999867490e355fa558a91ca102e3490b433f1dbaeb09f58172a
B4_sde_N4096_B4096_seed101,4096,4096,sde,uniform,101,278313.3515625,2.66650390625,87.44010591506958,0b558f3044186e22731b7053435137dd6f7d0906336dd30ac30b569ddce7c7cf,results\formal_slices\B4_sde_N4096_B4096_seed101.json,1c5edaf20f8687694da87ee8ca98bdf0c20890fdec92ef854161e6ac397eed73
B4_sde_N4096_B4096_seed102,4096,4096,sde,uniform,102,278247.5078125,2.66650390625,87.07569885253906,f8e0163e9c1e34402b0a6e8ede2c5fecbb2cb60d9530c1e059d29d30958919b7,results\formal_slices\B4_sde_N4096_B4096_seed102.json,84681cb4ff1e171f86ebd0209b5a3b301429c6e7c17b40415e18b6a576338e06
B4_sde_N4096_B4096_seed103,4096,4096,sde,uniform,103,278506.767578125,2.66650390625,87.02258014678955,5615cb9abebb215bb9208c51b7c4144ce65487679e3dfa5f0a251ae7bc313519,results\formal_slices\B4_sde_N4096_B4096_seed103.json,152f77e812903130ccc476ac746df58d05f36fdff0c2fc2189722da25216f0d5
B4_sde_N4096_B4096_seed104,4096,4096,sde,uniform,104,279017.056640625,2.66650390625,86.47383952140808,1af7c12b082585da372e263c152c467f56a2dae2f0543e10700cc635a265592f,results\formal_slices\B4_sde_N4096_B4096_seed104.json,da4d32886b6d152203cbfae11990fd33dca70347ef64eb6352e891ec5db65974
B4_sde_N4096_B4096_seed105,4096,4096,sde,uniform,105,278272.19921875,2.66650390625,85.89948725700378,98f5d800bdfbee783a2bb7aa03248fec8a770bf36f541d8d5334a4d1d4ed5605,results\formal_slices\B4_sde_N4096_B4096_seed105.json,6c35c229afb6109f844c722b28cd2f0d593552fa440df90c63b92df6338cda53
B4_sde_N65536_B4096_seed101,65536,4096,sde,uniform,101,396356.083984375,5.33349609375,977.2158167362213,c15cfab35b3cd6083de830c43b5832c4846b148bff2e62a0c8c346d51d539ba6,results\formal_slices\B4_sde_N65536_B4096_seed101.json,9a4d7a42a1c22a257b2107fe6b842e70e3d70005314e6e5b819b53ac962633bc
B4_sde_N65536_B4096_seed102,65536,4096,sde,uniform,102,395967.529296875,5.33349609375,916.3493514060974,1e35074a1a9dca49fa0117ab2b31900767601819ec16e57a86b6228fbb08f163,results\formal_slices\B4_sde_N65536_B4096_seed102.json,5a295ba6a58d4c1fec98eb46799dadf800c8bc2bd279dfdec5f383463e5a65fe
B4_sde_N65536_B4096_seed103,65536,4096,sde,uniform,103,395927.060546875,5.33349609375,919.7761564254761,cfe63f6707a8148bb7d44c0ae041fc9e9a8157bc99cf9b4b8b8fbe20e4ce4bee,results\formal_slices\B4_sde_N65536_B4096_seed103.json,15a65608009a5d6acfa26ff6c2828b0c28b6c2e1a6f046c9c97000d9387145a3
B4_sde_N65536_B4096_seed104,65536,4096,sde,uniform,104,395417.38671875,5.33349609375,919.7986869812012,65677b656f14bd72f885517fc27d7685b532f757a053727192c90f62ce153ae5,results\formal_slices\B4_sde_N65536_B4096_seed104.json,eb17ab90fe3ceb2b779a374789f5c4cb985e26412b3a612ca0a84606b04a4bd7
B4_sde_N65536_B4096_seed105,65536,4096,sde,uniform,105,396129.9375,5.33349609375,932.8105082511902,bb4d57685d4c7e77d6806afe9ea1e666950e970b944027b1d377d44184a9eed9,results\formal_slices\B4_sde_N65536_B4096_seed105.json,fb1fe2f3e5ada6beb6f05307d94e2f835719531fd03aa16c46432837ecc12faf
