id,kind,layout,dwb,workload,trace_seed,N,B,warmup,requests,cached_levels,plb,llc_sets,llc_ways,total_bytes,bytes_per_request,public_slots,rpc,bytes_data_download,bytes_data_upload,bytes_headers_download,bytes_headers_upload,bytes_authentication_download,bytes_authentication_upload,bytes_framing_and_control,foreground_slots,foreground_writebacks,foreground_posmap_slots,dwb_completed,dwb_posmap_slots,dummy_slots,dirty_resident,source_path,source_sha256
IRDWB_uniform_path_dwb0_uniform_seed101,path,uniform,False,uniform,101,4096,64,128,256,6,8,8,2,18153472,70912.0,2048,4096,4587520,4587520,2924544,2924544,917504,1835008,376832,1061,127,681,0,0,987,8,results\formal_ir_dwb\IRDWB_uniform_path_dwb0_uniform_seed101.json,c45dd38e500299d24d8a40b99968eb902d9313ce0bc0162cca6c7143b79a66d6
IRDWB_uniform_deferred_dwb0_uniform_seed101,deferred,uniform,False,uniform,101,4096,64,128,256,6,8,8,2,19620064,76640.875,2048,5462,6117440,1529920,3899868,3899868,1223488,2446976,502504,1061,127,681,0,0,987,8,results\formal_ir_dwb\IRDWB_uniform_deferred_dwb0_uniform_seed101.json,2866a8a18c616969f6463448d8dcce6c387a430971d49f88ef1ffb80059ead6e
IRDWB_uniform_sde_dwb0_uniform_seed101,sde,uniform,False,uniform,101,4096,64,128,256,6,8,8,2,15578936,60855.21875,2048,5462,4341120,1529920,2767464,2767464,1578752,2091712,502504,1061,127,681,0,0,987,8,results\formal_ir_dwb\IRDWB_uniform_sde_dwb0_uniform_seed101.json,4d277f0a258a4c6d7a5f2588eb15504b59230b94141f2396b7db9431e97ca743
IRDWB_uniform_path_dwb1_uniform_seed101,path,uniform,True,uniform,101,4096,64,128,256,6,8,8,2,18153472,70912.0,2048,4096,4587520,4587520,2924544,2924544,917504,1835008,376832,706,0,453,127,163,1052,4,results\formal_ir_dwb\IRDWB_uniform_path_dwb1_uniform_seed101.json,ed12a22c76f5ebcc2eb7a87e57244afc6d38c07e85f67d7123f840d858e3010b
IRDWB_uniform_deferred_dwb1_uniform_seed101,deferred,uniform,True,uniform,101,4096,64,128,256,6,8,8,2,19620064,76640.875,2048,5462,6117440,1529920,3899868,3899868,1223488,2446976,502504,706,0,453,127,163,1052,4,results\formal_ir_dwb\IRDWB_uniform_deferred_dwb1_uniform_seed101.json,44ba778f372bd5716fa385c77a7d0804069582ee91dc163a63c3672b1542ee6b
IRDWB_uniform_sde_dwb1_uniform_seed101,sde,uniform,True,uniform,101,4096,64,128,256,6,8,8,2,15607328,60966.125,2048,5462,4353600,1529920,2775420,2775420,1576256,2094208,502504,706,0,453,127,163,1052,4,results\formal_ir_dwb\IRDWB_uniform_sde_dwb1_uniform_seed101.json,83afd93d31a014550bad6aa309b9cb809facaac91fbd10d0da9ba7fd6f0702bd
IRDWB_depth_path_dwb0_uniform_seed101,path,depth,False,uniform,101,4096,64,128,256,6,8,8,2,15138816,59136.0,2048,4096,3276800,3276800,2727936,2727936,917504,1835008,376832,1061,127,681,0,0,987,8,results\formal_ir_dwb\IRDWB_depth_path_dwb0_uniform_seed101.json,e88549b96e8dadbe46f648372ca694f4f255df2d61c681a922ed8b88c81b2bca
IRDWB_depth_deferred_dwb0_uniform_seed101,deferred,depth,False,uniform,101,4096,64,128,256,6,8,8,2,16910752,66057.625,2048,5462,4369600,1092800,3637692,3637692,1223488,2446976,502504,1061,127,681,0,0,987,8,results\formal_ir_dwb\IRDWB_depth_deferred_dwb0_uniform_seed101.json,ec4f7eea0fd9fd3b8633b41229e996a7255b375b1ea6dbe6aff67ae91ce9c037
IRDWB_depth_sde_dwb0_uniform_seed101,sde,depth,False,uniform,101,4096,64,128,256,6,8,8,2,13623496,53216.78125,2048,5462,3171920,1092800,2592904,2592904,1578752,2091712,502504,1061,127,681,0,0,987,8,results\formal_ir_dwb\IRDWB_depth_sde_dwb0_uniform_seed101.json,c91e502343e3be96f72baf1edb23048787e52f91818514a398177bd4d691c05c
IRDWB_depth_path_dwb1_uniform_seed101,path,depth,True,uniform,101,4096,64,128,256,6,8,8,2,15138816,59136.0,2048,4096,3276800,3276800,2727936,2727936,917504,1835008,376832,706,0,453,127,163,1052,4,results\formal_ir_dwb\IRDWB_depth_path_dwb1_uniform_seed101.json,a18d2d70a0dd082d55c013f096c5a8cde047b8cc892b4ca0fbba09dee834884f
IRDWB_depth_deferred_dwb1_uniform_seed101,deferred,depth,True,uniform,101,4096,64,128,256,6,8,8,2,16910752,66057.625,2048,5462,4369600,1092800,3637692,3637692,1223488,2446976,502504,706,0,453,127,163,1052,4,results\formal_ir_dwb\IRDWB_depth_deferred_dwb1_uniform_seed101.json,2bcec49b13fdf99d66f6f867236105a6ee231cdf1f8ec560151c77436872899f
IRDWB_depth_sde_dwb1_uniform_seed101,sde,depth,True,uniform,101,4096,64,128,256,6,8,8,2,13639248,53278.3125,2048,5462,3175920,1092800,2598780,2598780,1576256,2094208,502504,706,0,453,127,163,1052,4,results\formal_ir_dwb\IRDWB_depth_sde_dwb1_uniform_seed101.json,8d7209822e22ee455f9431d2ba7ad357b16cace4a08db1b90708488047193fc0
IRDWB_uniform_path_dwb0_hot90_seed101,path,uniform,False,hot90,101,4096,64,128,256,6,8,8,2,18153472,70912.0,2048,4096,4587520,4587520,2924544,2924544,917504,1835008,376832,715,94,451,0,0,1333,11,results\formal_ir_dwb\IRDWB_uniform_path_dwb0_hot90_seed101.json,4ec56122598ea1c5878964f6f033ad89b741c0c00612c00465ce7c1c182e35ae
IRDWB_uniform_deferred_dwb0_hot90_seed101,deferred,uniform,False,hot90,101,4096,64,128,256,6,8,8,2,19620064,76640.875,2048,5462,6117440,1529920,3899868,3899868,1223488,2446976,502504,715,94,451,0,0,1333,11,results\formal_ir_dwb\IRDWB_uniform_deferred_dwb0_hot90_seed101.json,38d0dd72625bd32c84c34517c9674f3dc0ae485e77fcc0f8f5c3bf16940154a9
IRDWB_uniform_sde_dwb0_hot90_seed101,sde,uniform,False,hot90,101,4096,64,128,256,6,8,8,2,15643000,61105.46875,2048,5462,4369280,1529920,2785416,2785416,1573120,2097344,502504,715,94,451,0,0,1333,11,results\formal_ir_dwb\IRDWB_uniform_sde_dwb0_hot90_seed101.json,5bc1f135552d95be2f23bdf2d8874bfc712935b19165d786af723f40c7b9436a
IRDWB_uniform_path_dwb1_hot90_seed101,path,uniform,True,hot90,101,4096,64,128,256,6,8,8,2,18153472,70912.0,2048,4096,4587520,4587520,2924544,2924544,917504,1835008,376832,481,0,311,110,153,1304,5,results\formal_ir_dwb\IRDWB_uniform_path_dwb1_hot90_seed101.json,fd8a5c0b111a3713a46fb196c74ce26e8f4f671240cfc5d753ceb0e6e51c91a5
IRDWB_uniform_deferred_dwb1_hot90_seed101,deferred,uniform,True,hot90,101,4096,64,128,256,6,8,8,2,19620064,76640.875,2048,5462,6117440,1529920,3899868,3899868,1223488,2446976,502504,481,0,311,110,153,1304,5,results\formal_ir_dwb\IRDWB_uniform_deferred_dwb1_hot90_seed101.json,fbe2864dd5fea7f073dec641eb00831481532455da91dd7bfd46c7af07b6f6e1
IRDWB_uniform_sde_dwb1_hot90_seed101,sde,uniform,True,hot90,101,4096,64,128,256,6,8,8,2,15645912,61116.84375,2048,5462,4370560,1529920,2786232,2786232,1572864,2097600,502504,481,0,311,110,153,1304,5,results\formal_ir_dwb\IRDWB_uniform_sde_dwb1_hot90_seed101.json,86d2c277b8cade98fbe4095936081f1bcbe7b93ba7eac7d509f8caa843455012
IRDWB_depth_path_dwb0_hot90_seed101,path,depth,False,hot90,101,4096,64,128,256,6,8,8,2,15138816,59136.0,2048,4096,3276800,3276800,2727936,2727936,917504,1835008,376832,715,94,451,0,0,1333,11,results\formal_ir_dwb\IRDWB_depth_path_dwb0_hot90_seed101.json,c3b2eeeb84a717f4fc3d9c611c5c71bfab34a425834fd817bdac71a089a03a59
IRDWB_depth_deferred_dwb0_hot90_seed101,deferred,depth,False,hot90,101,4096,64,128,256,6,8,8,2,16910752,66057.625,2048,5462,4369600,1092800,3637692,3637692,1223488,2446976,502504,715,94,451,0,0,1333,11,results\formal_ir_dwb\IRDWB_depth_deferred_dwb0_hot90_seed101.json,3de1299178c2dffd7408d5bbd8857f2486793a39b837d4b96e60885128558f03
IRDWB_depth_sde_dwb0_hot90_seed101,sde,depth,False,hot90,101,4096,64,128,256,6,8,8,2,13662440,53368.90625,2048,5462,3183600,1092800,2606536,2606536,1573120,2097344,502504,715,94,451,0,0,1333,11,results\formal_ir_dwb\IRDWB_depth_sde_dwb0_hot90_seed101.json,57e64f6b87804927252c494c987350ae51b86d4bb2454d890049ea18177f2a30
IRDWB_depth_path_dwb1_hot90_seed101,path,depth,True,hot90,101,4096,64,128,256,6,8,8,2,15138816,59136.0,2048,4096,3276800,3276800,2727936,2727936,917504,1835008,376832,481,0,311,110,153,1304,5,results\formal_ir_dwb\IRDWB_depth_path_dwb1_hot90_seed101.json,7e10335efd374f9ff0a61b7bdd0aace3184865f84e328d3f3a188b783960a6ce
IRDWB_depth_deferred_dwb1_hot90_seed101,deferred,depth,True,hot90,101,4096,64,128,256,6,8,8,2,16910752,66057.625,2048,5462,4369600,1092800,3637692,3637692,1223488,2446976,502504,481,0,311,110,153,1304,5,results\formal_ir_dwb\IRDWB_depth_deferred_dwb1_hot90_seed101.json,0e1bb97beda157efc41679396067563c2f133f0aaf0241b523810627f735011d
IRDWB_depth_sde_dwb1_hot90_seed101,sde,depth,True,hot90,101,4096,64,128,256,6,8,8,2,13667928,53390.34375,2048,5462,3186240,1092800,2607960,2607960,1572864,2097600,502504,481,0,311,110,153,1304,5,results\formal_ir_dwb\IRDWB_depth_sde_dwb1_hot90_seed101.json,ce903e353eea5da2a79d179f29597150f20c45e3152109d1f3f4eaa081308d6c
IRDWB_uniform_path_dwb0_uniform_seed102,path,uniform,False,uniform,102,4096,64,128,256,6,8,8,2,18153472,70912.0,2048,4096,4587520,4587520,2924544,2924544,917504,1835008,376832,1041,117,668,0,0,1007,8,results\formal_ir_dwb\IRDWB_uniform_path_dwb0_uniform_seed102.json,26f3415168ad9fb68a9e86196d0c262e823fc491947600c20b1e267fd3fe9567
IRDWB_uniform_deferred_dwb0_uniform_seed102,deferred,uniform,False,uniform,102,4096,64,128,256,6,8,8,2,19620064,76640.875,2048,5462,6117440,1529920,3899868,3899868,1223488,2446976,502504,1041,117,668,0,0,1007,8,results\formal_ir_dwb\IRDWB_uniform_deferred_dwb0_uniform_seed102.json,52399e1e89cee455baaa2ebf212bfb1925bdd374c98eb63b8cd7e8295f129ca3
IRDWB_uniform_sde_dwb0_uniform_seed102,sde,uniform,False,uniform,102,4096,64,128,256,6,8,8,2,15620432,61017.3125,2048,5462,4359360,1529920,2779092,2779092,1575104,2095360,502504,1041,117,668,0,0,1007,8,results\formal_ir_dwb\IRDWB_uniform_sde_dwb0_uniform_seed102.json,ff45072b1bd2a7e547b75702a4e9fc6917849e932285b6aa4e9ea5c3cb677a11
IRDWB_uniform_path_dwb1_uniform_seed102,path,uniform,True,uniform,102,4096,64,128,256,6,8,8,2,18153472,70912.0,2048,4096,4587520,4587520,2924544,2924544,917504,1835008,376832,722,0,466,118,152,1056,5,results\formal_ir_dwb\IRDWB_uniform_path_dwb1_uniform_seed102.json,cb7a36737b49426ef0782a76c193e3db2caa74fbc4112512c0d364f61ffc7303
IRDWB_uniform_deferred_dwb1_uniform_seed102,deferred,uniform,True,uniform,102,4096,64,128,256,6,8,8,2,19620064,76640.875,2048,5462,6117440,1529920,3899868,3899868,1223488,2446976,502504,722,0,466,118,152,1056,5,results\formal_ir_dwb\IRDWB_uniform_deferred_dwb1_uniform_seed102.json,7c6029d417baa40ad3b3a67812d0a02c33ed455aad197c8ec62ab35ca6bfa723
IRDWB_uniform_sde_dwb1_uniform_seed102,sde,uniform,True,uniform,102,4096,64,128,256,6,8,8,2,15621160,61020.15625,2048,5462,4359680,1529920,2779296,2779296,1575040,2095424,502504,722,0,466,118,152,1056,5,results\formal_ir_dwb\IRDWB_uniform_sde_dwb1_uniform_seed102.json,1c2b2d89598a89fd9a5e60ca7f7bd93a303818da5c8cced2fa10eed58476ec40
IRDWB_depth_path_dwb0_uniform_seed102,path,depth,False,uniform,102,4096,64,128,256,6,8,8,2,15138816,59136.0,2048,4096,3276800,3276800,2727936,2727936,917504,1835008,376832,1041,117,668,0,0,1007,8,results\formal_ir_dwb\IRDWB_depth_path_dwb0_uniform_seed102.json,cb0c3b37a4ed1d24ee1a5b13d087bb39d69e052670dad7b075ff75b4a48be729
IRDWB_depth_deferred_dwb0_uniform_seed102,deferred,depth,False,uniform,102,4096,64,128,256,6,8,8,2,16910752,66057.625,2048,5462,4369600,1092800,3637692,3637692,1223488,2446976,502504,1041,117,668,0,0,1007,8,results\formal_ir_dwb\IRDWB_depth_deferred_dwb0_uniform_seed102.json,aab3cdce15e24ff52eea156a8236b80471a0bbbced722464bf9566efdab681bd
IRDWB_depth_sde_dwb0_uniform_seed102,sde,depth,False,uniform,102,4096,64,128,256,6,8,8,2,13651904,53327.75,2048,5462,3181360,1092800,2602388,2602388,1575104,2095360,502504,1041,117,668,0,0,1007,8,results\formal_ir_dwb\IRDWB_depth_sde_dwb0_uniform_seed102.json,ae5f4f4d29d9e7a2a973c111e1d989dcfabec3c3b593efa954cf6717b3646c58
IRDWB_depth_path_dwb1_uniform_seed102,path,depth,True,uniform,102,4096,64,128,256,6,8,8,2,15138816,59136.0,2048,4096,3276800,3276800,2727936,2727936,917504,1835008,376832,722,0,466,118,152,1056,5,results\formal_ir_dwb\IRDWB_depth_path_dwb1_uniform_seed102.json,1e7e04fa0cd49240e25b124fdae79e0d680d24f67630d223e0760946f4e2597f
IRDWB_depth_deferred_dwb1_uniform_seed102,deferred,depth,True,uniform,102,4096,64,128,256,6,8,8,2,16910752,66057.625,2048,5462,4369600,1092800,3637692,3637692,1223488,2446976,502504,722,0,466,118,152,1056,5,results\formal_ir_dwb\IRDWB_depth_deferred_dwb1_uniform_seed102.json,95236865b15c3869e0e2c1d290110c17c70e117148e37174a81c82f08d0c4b31
IRDWB_depth_sde_dwb1_uniform_seed102,sde,depth,True,uniform,102,4096,64,128,256,6,8,8,2,13652072,53328.40625,2048,5462,3181120,1092800,2602592,2602592,1575040,2095424,502504,722,0,466,118,152,1056,5,results\formal_ir_dwb\IRDWB_depth_sde_dwb1_uniform_seed102.json,8186921827de0fdb521748f335daba0147b8a5b99ba4a6678a77fbf383544ebe
IRDWB_uniform_path_dwb0_hot90_seed102,path,uniform,False,hot90,102,4096,64,128,256,6,8,8,2,18153472,70912.0,2048,4096,4587520,4587520,2924544,2924544,917504,1835008,376832,771,102,479,0,0,1277,13,results\formal_ir_dwb\IRDWB_uniform_path_dwb0_hot90_seed102.json,629329c0f8780891912f2a15b918aa23cdf973e41b8350f0cfcddd5c641c4acb
IRDWB_uniform_deferred_dwb0_hot90_seed102,deferred,uniform,False,hot90,102,4096,64,128,256,6,8,8,2,19620064,76640.875,2048,5462,6117440,1529920,3899868,3899868,1223488,2446976,502504,771,102,479,0,0,1277,13,results\formal_ir_dwb\IRDWB_uniform_deferred_dwb0_hot90_seed102.json,8d356a5d19195773f4f96c27475a62e4372651de6894bbdde74330c4c8f9d3d2
IRDWB_uniform_sde_dwb0_hot90_seed102,sde,uniform,False,hot90,102,4096,64,128,256,6,8,8,2,15626984,61042.90625,2048,5462,4362240,1529920,2780928,2780928,1574528,2095936,502504,771,102,479,0,0,1277,13,results\formal_ir_dwb\IRDWB_uniform_sde_dwb0_hot90_seed102.json,f57f5e89e6c76c0fce385a33dc2dba750d1a7d7327f9973d6b8a001e50862567
IRDWB_uniform_path_dwb1_hot90_seed102,path,uniform,True,hot90,102,4096,64,128,256,6,8,8,2,18153472,70912.0,2048,4096,4587520,4587520,2924544,2924544,917504,1835008,376832,522,0,332,113,127,1286,5,results\formal_ir_dwb\IRDWB_uniform_path_dwb1_hot90_seed102.json,14a09ff9b4cf78de1953e6a4dd5d8c46b939548e6ff24014fbcb612798c9c8d4
IRDWB_uniform_deferred_dwb1_hot90_seed102,deferred,uniform,True,hot90,102,4096,64,128,256,6,8,8,2,19620064,76640.875,2048,5462,6117440,1529920,3899868,3899868,1223488,2446976,502504,522,0,332,113,127,1286,5,results\formal_ir_dwb\IRDWB_uniform_deferred_dwb1_hot90_seed102.json,863af0203a690136a69d10c58136fb08b2f0ebdefd30b16ed2c128e5d2f14ce2
IRDWB_uniform_sde_dwb1_hot90_seed102,sde,uniform,True,hot90,102,4096,64,128,256,6,8,8,2,15613152,60988.875,2048,5462,4356160,1529920,2777052,2777052,1575744,2094720,502504,522,0,332,113,127,1286,5,results\formal_ir_dwb\IRDWB_uniform_sde_dwb1_hot90_seed102.json,65b6e1f6a742ce0c9fe16864d7bf07d82671f41dcd070edf013ff0107f667f55
IRDWB_depth_path_dwb0_hot90_seed102,path,depth,False,hot90,102,4096,64,128,256,6,8,8,2,15138816,59136.0,2048,4096,3276800,3276800,2727936,2727936,917504,1835008,376832,771,102,479,0,0,1277,13,results\formal_ir_dwb\IRDWB_depth_path_dwb0_hot90_seed102.json,6c9619c994fcdeb70555af041355c55308a65ecdb7edb41bfe4916c68451613f
IRDWB_depth_deferred_dwb0_hot90_seed102,deferred,depth,False,hot90,102,4096,64,128,256,6,8,8,2,16910752,66057.625,2048,5462,4369600,1092800,3637692,3637692,1223488,2446976,502504,771,102,479,0,0,1277,13,results\formal_ir_dwb\IRDWB_depth_deferred_dwb0_hot90_seed102.json,e683d009e9906e797e91e0a0ee7b846d04d6dff66ceab1762dfe154eaf661451
IRDWB_depth_sde_dwb0_hot90_seed102,sde,depth,False,hot90,102,4096,64,128,256,6,8,8,2,13654264,53336.96875,2048,5462,3181520,1092800,2603488,2603488,1574528,2095936,502504,771,102,479,0,0,1277,13,results\formal_ir_dwb\IRDWB_depth_sde_dwb0_hot90_seed102.json,022f5cc1115c5b910fc2966359dd182770fad4dba6a2c11062cab7ecb70d6143
IRDWB_depth_path_dwb1_hot90_seed102,path,depth,True,hot90,102,4096,64,128,256,6,8,8,2,15138816,59136.0,2048,4096,3276800,3276800,2727936,2727936,917504,1835008,376832,522,0,332,113,127,1286,5,results\formal_ir_dwb\IRDWB_depth_path_dwb1_hot90_seed102.json,e9e9026d1ef3f568556c18f29e97ff1f9fa64af76c338a35f0983be16ff4266a
IRDWB_depth_deferred_dwb1_hot90_seed102,deferred,depth,True,hot90,102,4096,64,128,256,6,8,8,2,16910752,66057.625,2048,5462,4369600,1092800,3637692,3637692,1223488,2446976,502504,522,0,332,113,127,1286,5,results\formal_ir_dwb\IRDWB_depth_deferred_dwb1_hot90_seed102.json,ab217710a2d1e63a9384b521255d1c91e5430c560b03b39f267740182b28ca4a
IRDWB_depth_sde_dwb1_hot90_seed102,sde,depth,True,hot90,102,4096,64,128,256,6,8,8,2,13642288,53290.1875,2048,5462,3177040,1092800,2599740,2599740,1575744,2094720,502504,522,0,332,113,127,1286,5,results\formal_ir_dwb\IRDWB_depth_sde_dwb1_hot90_seed102.json,4f240646e827dfff4048969e84a8d37ebb97ca56d72469049988793524b4a9e1
IRDWB_uniform_path_dwb0_uniform_seed103,path,uniform,False,uniform,103,4096,64,128,256,6,8,8,2,18153472,70912.0,2048,4096,4587520,4587520,2924544,2924544,917504,1835008,376832,1102,136,710,0,0,946,10,results\formal_ir_dwb\IRDWB_uniform_path_dwb0_uniform_seed103.json,72ed1bc74599592a8ebb216f204a0a4b00197e3df64c157115ed38e662da31da
IRDWB_uniform_deferred_dwb0_uniform_seed103,deferred,uniform,False,uniform,103,4096,64,128,256,6,8,8,2,19620064,76640.875,2048,5462,6117440,1529920,3899868,3899868,1223488,2446976,502504,1102,136,710,0,0,946,10,results\formal_ir_dwb\IRDWB_uniform_deferred_dwb0_uniform_seed103.json,e18ca658161cb09461833383bf3a645f452a26a4fb18bdadf065c127e320abf1
IRDWB_uniform_sde_dwb0_uniform_seed103,sde,uniform,False,uniform,103,4096,64,128,256,6,8,8,2,15645184,61114.0,2048,5462,4370240,1529920,2786028,2786028,1572928,2097536,502504,1102,136,710,0,0,946,10,results\formal_ir_dwb\IRDWB_uniform_sde_dwb0_uniform_seed103.json,3b9b3ab3ec5c4124f218bd615615f6660dc97dee43db90097ae9b1519159bab9
IRDWB_uniform_path_dwb1_uniform_seed103,path,uniform,True,uniform,103,4096,64,128,256,6,8,8,2,18153472,70912.0,2048,4096,4587520,4587520,2924544,2924544,917504,1835008,376832,718,0,462,138,216,976,6,results\formal_ir_dwb\IRDWB_uniform_path_dwb1_uniform_seed103.json,4313fff2c4e5247df6517dc7eaed420c24c44da7fbbea4ad889bac45669c5c48
IRDWB_uniform_deferred_dwb1_uniform_seed103,deferred,uniform,True,uniform,103,4096,64,128,256,6,8,8,2,19620064,76640.875,2048,5462,6117440,1529920,3899868,3899868,1223488,2446976,502504,718,0,462,138,216,976,6,results\formal_ir_dwb\IRDWB_uniform_deferred_dwb1_uniform_seed103.json,c50bbbbda9eec9f341c03f1aac5503d45833e0a9d548dccd076fa70ef1ae4982
IRDWB_uniform_sde_dwb1_uniform_seed103,sde,uniform,True,uniform,103,4096,64,128,256,6,8,8,2,15613880,60991.71875,2048,5462,4356480,1529920,2777256,2777256,1575680,2094784,502504,718,0,462,138,216,976,6,results\formal_ir_dwb\IRDWB_uniform_sde_dwb1_uniform_seed103.json,94b96059150d4e9e6cb16bf1ca5e80768367cb3c82ee3cf276040eb421890090
IRDWB_depth_path_dwb0_uniform_seed103,path,depth,False,uniform,103,4096,64,128,256,6,8,8,2,15138816,59136.0,2048,4096,3276800,3276800,2727936,2727936,917504,1835008,376832,1102,136,710,0,0,946,10,results\formal_ir_dwb\IRDWB_depth_path_dwb0_uniform_seed103.json,978aac7c9e2ee3c209875da99970550a39dde0abacdf7d1ae296cb4a9c7d9013
IRDWB_depth_deferred_dwb0_uniform_seed103,deferred,depth,False,uniform,103,4096,64,128,256,6,8,8,2,16910752,66057.625,2048,5462,4369600,1092800,3637692,3637692,1223488,2446976,502504,1102,136,710,0,0,946,10,results\formal_ir_dwb\IRDWB_depth_deferred_dwb0_uniform_seed103.json,515b3c63b3baaad6cc300dfedcec6210ccd2eb55f4ea8662cc3163943a2ae99f
IRDWB_depth_sde_dwb0_uniform_seed103,sde,depth,False,uniform,103,4096,64,128,256,6,8,8,2,13672288,53407.375,2048,5462,3189920,1092800,2608300,2608300,1572928,2097536,502504,1102,136,710,0,0,946,10,results\formal_ir_dwb\IRDWB_depth_sde_dwb0_uniform_seed103.json,c0f03e2404d66d7a2f1e86cde2c8a2b8738dba3b29ca8fb8cd92d3679be5332b
IRDWB_depth_path_dwb1_uniform_seed103,path,depth,True,uniform,103,4096,64,128,256,6,8,8,2,15138816,59136.0,2048,4096,3276800,3276800,2727936,2727936,917504,1835008,376832,718,0,462,138,216,976,6,results\formal_ir_dwb\IRDWB_depth_path_dwb1_uniform_seed103.json,9a9ef834178e10a9dc02d5a6f2f2afb3f0b1e45b13e59bcdea41e73f02291e0c
IRDWB_depth_deferred_dwb1_uniform_seed103,deferred,depth,True,uniform,103,4096,64,128,256,6,8,8,2,16910752,66057.625,2048,5462,4369600,1092800,3637692,3637692,1223488,2446976,502504,718,0,462,138,216,976,6,results\formal_ir_dwb\IRDWB_depth_deferred_dwb1_uniform_seed103.json,2506c58d39b5f664467f37ba67a595432dd91304491782fac07c0a57702b51c3
IRDWB_depth_sde_dwb1_uniform_seed103,sde,depth,True,uniform,103,4096,64,128,256,6,8,8,2,13653224,53332.90625,2048,5462,3184560,1092800,2601448,2601448,1575680,2094784,502504,718,0,462,138,216,976,6,results\formal_ir_dwb\IRDWB_depth_sde_dwb1_uniform_seed103.json,53956a9ec4ec4ebaa989e85af4dc48d9ab75361cad48fa5c21a6d4d15bbe4b68
IRDWB_uniform_path_dwb0_hot90_seed103,path,uniform,False,hot90,103,4096,64,128,256,6,8,8,2,18153472,70912.0,2048,4096,4587520,4587520,2924544,2924544,917504,1835008,376832,728,106,453,0,0,1320,9,results\formal_ir_dwb\IRDWB_uniform_path_dwb0_hot90_seed103.json,0d2a7f0e8cc0cb03afe3ee71091d90a859e2b3947b1441ab100eeca6c6adb1fa
IRDWB_uniform_deferred_dwb0_hot90_seed103,deferred,uniform,False,hot90,103,4096,64,128,256,6,8,8,2,19620064,76640.875,2048,5462,6117440,1529920,3899868,3899868,1223488,2446976,502504,728,106,453,0,0,1320,9,results\formal_ir_dwb\IRDWB_uniform_deferred_dwb0_hot90_seed103.json,8a275f2209a8087d6293a81893092dd5274d1bd384e957fb8112c15bf26aaa9c
IRDWB_uniform_sde_dwb0_hot90_seed103,sde,uniform,False,hot90,103,4096,64,128,256,6,8,8,2,15678672,61244.8125,2048,5462,4384960,1529920,2795412,2795412,1569984,2100480,502504,728,106,453,0,0,1320,9,results\formal_ir_dwb\IRDWB_uniform_sde_dwb0_hot90_seed103.json,ae799084dc871d5537a29ebf08dfebe56aaaf258631ef28f045367e9c2345f38
IRDWB_uniform_path_dwb1_hot90_seed103,path,uniform,True,hot90,103,4096,64,128,256,6,8,8,2,18153472,70912.0,2048,4096,4587520,4587520,2924544,2924544,917504,1835008,376832,470,0,301,123,166,1289,5,results\formal_ir_dwb\IRDWB_uniform_path_dwb1_hot90_seed103.json,7017f8c38966b5d71940c7a8dba5162daf27a56bb4e8edbca53f1de2a82069a7
IRDWB_uniform_deferred_dwb1_hot90_seed103,deferred,uniform,True,hot90,103,4096,64,128,256,6,8,8,2,19620064,76640.875,2048,5462,6117440,1529920,3899868,3899868,1223488,2446976,502504,470,0,301,123,166,1289,5,results\formal_ir_dwb\IRDWB_uniform_deferred_dwb1_hot90_seed103.json,a7f166f6597ea4c7328b3d6004d4445a9d54e6e93fa87e4b65bd49846cbf6a06
IRDWB_uniform_sde_dwb1_hot90_seed103,sde,uniform,True,hot90,103,4096,64,128,256,6,8,8,2,15661200,61176.5625,2048,5462,4377280,1529920,2790516,2790516,1571520,2098944,502504,470,0,301,123,166,1289,5,results\formal_ir_dwb\IRDWB_uniform_sde_dwb1_hot90_seed103.json,88e9336e83f1292ff6ad7be3dd327ee0250cd50e66388b84b8bd78702f759b7f
IRDWB_depth_path_dwb0_hot90_seed103,path,depth,False,hot90,103,4096,64,128,256,6,8,8,2,15138816,59136.0,2048,4096,3276800,3276800,2727936,2727936,917504,1835008,376832,728,106,453,0,0,1320,9,results\formal_ir_dwb\IRDWB_depth_path_dwb0_hot90_seed103.json,bcff6f6fd47b42f5ea5fb2332a0ca341c1adef0c980425795888265251381f44
IRDWB_depth_deferred_dwb0_hot90_seed103,deferred,depth,False,hot90,103,4096,64,128,256,6,8,8,2,16910752,66057.625,2048,5462,4369600,1092800,3637692,3637692,1223488,2446976,502504,728,106,453,0,0,1320,9,results\formal_ir_dwb\IRDWB_depth_deferred_dwb0_hot90_seed103.json,49d1344c20b7fb36a900f0a7ab66845b0726682d00077132b2045aaba624fb33
IRDWB_depth_sde_dwb0_hot90_seed103,sde,depth,False,hot90,103,4096,64,128,256,6,8,8,2,13698080,53508.125,2048,5462,3198160,1092800,2617076,2617076,1569984,2100480,502504,728,106,453,0,0,1320,9,results\formal_ir_dwb\IRDWB_depth_sde_dwb0_hot90_seed103.json,f21da51e3bcfb4936cf2549a628d0ddd90b0b4ef46e11b8345026d35259e2e80
IRDWB_depth_path_dwb1_hot90_seed103,path,depth,True,hot90,103,4096,64,128,256,6,8,8,2,15138816,59136.0,2048,4096,3276800,3276800,2727936,2727936,917504,1835008,376832,470,0,301,123,166,1289,5,results\formal_ir_dwb\IRDWB_depth_path_dwb1_hot90_seed103.json,1a8b26dbf674af84ae96279d0fca9f456671fb2f4b9dd1df6f703ad3b04f0821
IRDWB_depth_deferred_dwb1_hot90_seed103,deferred,depth,True,hot90,103,4096,64,128,256,6,8,8,2,16910752,66057.625,2048,5462,4369600,1092800,3637692,3637692,1223488,2446976,502504,470,0,301,123,166,1289,5,results\formal_ir_dwb\IRDWB_depth_deferred_dwb1_hot90_seed103.json,6b77f568f21da2a2a5a3bee185bc04bcd48423ee5d6e033f6999fc2effd4bda3
IRDWB_depth_sde_dwb1_hot90_seed103,sde,depth,True,hot90,103,4096,64,128,256,6,8,8,2,13688224,53469.625,2048,5462,3195920,1092800,2613268,2613268,1571520,2098944,502504,470,0,301,123,166,1289,5,results\formal_ir_dwb\IRDWB_depth_sde_dwb1_hot90_seed103.json,f44e10a042dab57ec31f629ae24b92eb64fa62aa56f9d5d157ac6cfbc39dd7b9
IRDWB_uniform_path_dwb0_uniform_seed104,path,uniform,False,uniform,104,4096,64,128,256,6,8,8,2,18153472,70912.0,2048,4096,4587520,4587520,2924544,2924544,917504,1835008,376832,1081,136,693,0,0,967,7,results\formal_ir_dwb\IRDWB_uniform_path_dwb0_uniform_seed104.json,6d765f04233ec35efa90093a516e948002e0bacc66738a03f50dfe1601f74c19
IRDWB_uniform_deferred_dwb0_uniform_seed104,deferred,uniform,False,uniform,104,4096,64,128,256,6,8,8,2,19620064,76640.875,2048,5462,6117440,1529920,3899868,3899868,1223488,2446976,502504,1081,136,693,0,0,967,7,results\formal_ir_dwb\IRDWB_uniform_deferred_dwb0_uniform_seed104.json,077e3d4a117cc882ac007806433a2ae0787d2f923950e598d532d4d519caddc8
IRDWB_uniform_sde_dwb0_uniform_seed104,sde,uniform,False,uniform,104,4096,64,128,256,6,8,8,2,15699056,61324.4375,2048,5462,4393920,1529920,2801124,2801124,1568192,2102272,502504,1081,136,693,0,0,967,7,results\formal_ir_dwb\IRDWB_uniform_sde_dwb0_uniform_seed104.json,f59552fc1eb58990562e5e44cb50736cc9aa45db3e3d740cb4100174c29fc640
IRDWB_uniform_path_dwb1_uniform_seed104,path,uniform,True,uniform,104,4096,64,128,256,6,8,8,2,18153472,70912.0,2048,4096,4587520,4587520,2924544,2924544,917504,1835008,376832,713,0,461,136,193,1006,4,results\formal_ir_dwb\IRDWB_uniform_path_dwb1_uniform_seed104.json,b4cec03129479fe3cdcfe2c5fccb7232803a8e80c01e098db704f3089ed63fa6
IRDWB_uniform_deferred_dwb1_uniform_seed104,deferred,uniform,True,uniform,104,4096,64,128,256,6,8,8,2,19620064,76640.875,2048,5462,6117440,1529920,3899868,3899868,1223488,2446976,502504,713,0,461,136,193,1006,4,results\formal_ir_dwb\IRDWB_uniform_deferred_dwb1_uniform_seed104.json,7e8be99112c7fea479711d304d97e47edb8f5a22bc3f774af1c37d0ae8e3421c
IRDWB_uniform_sde_dwb1_uniform_seed104,sde,uniform,True,uniform,104,4096,64,128,256,6,8,8,2,15677944,61241.96875,2048,5462,4384640,1529920,2795208,2795208,1570048,2100416,502504,713,0,461,136,193,1006,4,results\formal_ir_dwb\IRDWB_uniform_sde_dwb1_uniform_seed104.json,c85d48e67e9656dfee6ad588d3822a1c52f4312ab264775aca19f7b663f1b08c
IRDWB_depth_path_dwb0_uniform_seed104,path,depth,False,uniform,104,4096,64,128,256,6,8,8,2,15138816,59136.0,2048,4096,3276800,3276800,2727936,2727936,917504,1835008,376832,1081,136,693,0,0,967,7,results\formal_ir_dwb\IRDWB_depth_path_dwb0_uniform_seed104.json,286cf42a7ee6947bb07f0c40addfb7c884e6e285fc4d917af5f22434789782c7
IRDWB_depth_deferred_dwb0_uniform_seed104,deferred,depth,False,uniform,104,4096,64,128,256,6,8,8,2,16910752,66057.625,2048,5462,4369600,1092800,3637692,3637692,1223488,2446976,502504,1081,136,693,0,0,967,7,results\formal_ir_dwb\IRDWB_depth_deferred_dwb0_uniform_seed104.json,0c8af4be3c4aa5f92076a8356fdc8a433722a188b26bff9a386ed47cb6aea920
IRDWB_depth_sde_dwb0_uniform_seed104,sde,depth,False,uniform,104,4096,64,128,256,6,8,8,2,13713200,53567.1875,2048,5462,3203520,1092800,2621956,2621956,1568192,2102272,502504,1081,136,693,0,0,967,7,results\formal_ir_dwb\IRDWB_depth_sde_dwb0_uniform_seed104.json,13caad953a9f2983b5f98ee741ae7df031dd2b57ba12e8cc09329d58e92926d6
IRDWB_depth_path_dwb1_uniform_seed104,path,depth,True,uniform,104,4096,64,128,256,6,8,8,2,15138816,59136.0,2048,4096,3276800,3276800,2727936,2727936,917504,1835008,376832,713,0,461,136,193,1006,4,results\formal_ir_dwb\IRDWB_depth_path_dwb1_uniform_seed104.json,98d8ed4b540575331ffa0be904022e967e8a2639b863b22d296567e0fad1114d
IRDWB_depth_deferred_dwb1_uniform_seed104,deferred,depth,True,uniform,104,4096,64,128,256,6,8,8,2,16910752,66057.625,2048,5462,4369600,1092800,3637692,3637692,1223488,2446976,502504,713,0,461,136,193,1006,4,results\formal_ir_dwb\IRDWB_depth_deferred_dwb1_uniform_seed104.json,4d355d936a1ef964c5b52635ccec05c694f0832b37cd47dc1c9cf23de8f9f6a2
IRDWB_depth_sde_dwb1_uniform_seed104,sde,depth,True,uniform,104,4096,64,128,256,6,8,8,2,13695736,53498.96875,2048,5462,3196800,1092800,2616584,2616584,1570048,2100416,502504,713,0,461,136,193,1006,4,results\formal_ir_dwb\IRDWB_depth_sde_dwb1_uniform_seed104.json,0dc729e5f50860e0de32f37e639a6c5f5fac4a0c82c6f7a1dc60e5b5159a6326
IRDWB_uniform_path_dwb0_hot90_seed104,path,uniform,False,hot90,104,4096,64,128,256,6,8,8,2,18153472,70912.0,2048,4096,4587520,4587520,2924544,2924544,917504,1835008,376832,777,106,488,0,0,1271,8,results\formal_ir_dwb\IRDWB_uniform_path_dwb0_hot90_seed104.json,bfb16039317ae7468e545c6c56c0c4adf027d921170e13ae87b3c1f2fd16aac6
IRDWB_uniform_deferred_dwb0_hot90_seed104,deferred,uniform,False,hot90,104,4096,64,128,256,6,8,8,2,19620064,76640.875,2048,5462,6117440,1529920,3899868,3899868,1223488,2446976,502504,777,106,488,0,0,1271,8,results\formal_ir_dwb\IRDWB_uniform_deferred_dwb0_hot90_seed104.json,ce97e6151b2ed19db9ac4103b0ac671d19f44c802171d71096b7ab55d2b9fe04
IRDWB_uniform_sde_dwb0_hot90_seed104,sde,uniform,False,hot90,104,4096,64,128,256,6,8,8,2,15681584,61256.1875,2048,5462,4386240,1529920,2796228,2796228,1569728,2100736,502504,777,106,488,0,0,1271,8,results\formal_ir_dwb\IRDWB_uniform_sde_dwb0_hot90_seed104.json,dacfc8352031f1736efce44f9fef6b46a79c0a8a76e3d7378e8c40a70658093c
IRDWB_uniform_path_dwb1_hot90_seed104,path,uniform,True,hot90,104,4096,64,128,256,6,8,8,2,18153472,70912.0,2048,4096,4587520,4587520,2924544,2924544,917504,1835008,376832,514,0,331,119,140,1275,5,results\formal_ir_dwb\IRDWB_uniform_path_dwb1_hot90_seed104.json,105b50310282774abd10ca8e264ff0250e8994cac1bb89381714f7a373e98297
IRDWB_uniform_deferred_dwb1_hot90_seed104,deferred,uniform,True,hot90,104,4096,64,128,256,6,8,8,2,19620064,76640.875,2048,5462,6117440,1529920,3899868,3899868,1223488,2446976,502504,514,0,331,119,140,1275,5,results\formal_ir_dwb\IRDWB_uniform_deferred_dwb1_hot90_seed104.json,ef5ede0aba81c04b6d31647a5556c926d18ac03dcbe457005fe1b04b1cf2e322
IRDWB_uniform_sde_dwb1_hot90_seed104,sde,uniform,True,hot90,104,4096,64,128,256,6,8,8,2,15683040,61261.875,2048,5462,4386880,1529920,2796636,2796636,1569600,2100864,502504,514,0,331,119,140,1275,5,results\formal_ir_dwb\IRDWB_uniform_sde_dwb1_hot90_seed104.json,32cdf28766bdaacc92188b8d68d7c9c9934e05cc0c128d08ce9baf5b59bf5cf1
IRDWB_depth_path_dwb0_hot90_seed104,path,depth,False,hot90,104,4096,64,128,256,6,8,8,2,15138816,59136.0,2048,4096,3276800,3276800,2727936,2727936,917504,1835008,376832,777,106,488,0,0,1271,8,results\formal_ir_dwb\IRDWB_depth_path_dwb0_hot90_seed104.json,8de2ce70a4a13bc04d58badbe3e9d577a7f30b43ba2daa22e5eb0e868afc5983
IRDWB_depth_deferred_dwb0_hot90_seed104,deferred,depth,False,hot90,104,4096,64,128,256,6,8,8,2,16910752,66057.625,2048,5462,4369600,1092800,3637692,3637692,1223488,2446976,502504,777,106,488,0,0,1271,8,results\formal_ir_dwb\IRDWB_depth_deferred_dwb0_hot90_seed104.json,35f65bb153416bb019f7acaf7e956661622bbb3ace5c25f070fb4ca1eacee8cd
IRDWB_depth_sde_dwb0_hot90_seed104,sde,depth,False,hot90,104,4096,64,128,256,6,8,8,2,13706592,53541.375,2048,5462,3203120,1092800,2618852,2618852,1569728,2100736,502504,777,106,488,0,0,1271,8,results\formal_ir_dwb\IRDWB_depth_sde_dwb0_hot90_seed104.json,ead9910fa853628b3ba9ca98726ba0447ccb46b256f453c66cca2991e7e13e86
IRDWB_depth_path_dwb1_hot90_seed104,path,depth,True,hot90,104,4096,64,128,256,6,8,8,2,15138816,59136.0,2048,4096,3276800,3276800,2727936,2727936,917504,1835008,376832,514,0,331,119,140,1275,5,results\formal_ir_dwb\IRDWB_depth_path_dwb1_hot90_seed104.json,70c7d5877ba45062021038641479ea3162ac8079635ebed00ec4554c4c0289db
IRDWB_depth_deferred_dwb1_hot90_seed104,deferred,depth,True,hot90,104,4096,64,128,256,6,8,8,2,16910752,66057.625,2048,5462,4369600,1092800,3637692,3637692,1223488,2446976,502504,514,0,331,119,140,1275,5,results\formal_ir_dwb\IRDWB_depth_deferred_dwb1_hot90_seed104.json,ad6bfd191d4caac147b6035a9440c05e81be374b8b290ae3aa2d9a46f21253fc
IRDWB_depth_sde_dwb1_hot90_seed104,sde,depth,True,hot90,104,4096,64,128,256,6,8,8,2,13706368,53540.5,2048,5462,3203040,1092800,2618780,2618780,1569600,2100864,502504,514,0,331,119,140,1275,5,results\formal_ir_dwb\IRDWB_depth_sde_dwb1_hot90_seed104.json,7ee5e4dfa5e220a517d3f587f83527b0a46065f23b387da90160d7b2f06b355b
IRDWB_uniform_path_dwb0_uniform_seed105,path,uniform,False,uniform,105,4096,64,128,256,6,8,8,2,18153472,70912.0,2048,4096,4587520,4587520,2924544,2924544,917504,1835008,376832,1057,129,674,0,0,991,6,results\formal_ir_dwb\IRDWB_uniform_path_dwb0_uniform_seed105.json,90a99dcdf37d6395637424520cec22a231d39ef2555d118d07e06f7ee2d3f251
IRDWB_uniform_deferred_dwb0_uniform_seed105,deferred,uniform,False,uniform,105,4096,64,128,256,6,8,8,2,19620064,76640.875,2048,5462,6117440,1529920,3899868,3899868,1223488,2446976,502504,1057,129,674,0,0,991,6,results\formal_ir_dwb\IRDWB_uniform_deferred_dwb0_uniform_seed105.json,2aa2090d2d509d0f7a90173027842b3f8d3d7722bb76d19e358b2e4ae3f2418a
IRDWB_uniform_sde_dwb0_uniform_seed105,sde,uniform,False,uniform,105,4096,64,128,256,6,8,8,2,15579664,60858.0625,2048,5462,4341440,1529920,2767668,2767668,1578688,2091776,502504,1057,129,674,0,0,991,6,results\formal_ir_dwb\IRDWB_uniform_sde_dwb0_uniform_seed105.json,605d768efb78826f495c4ce000681c5376f165c583d960b9ef7d53c81592cbc2
IRDWB_uniform_path_dwb1_uniform_seed105,path,uniform,True,uniform,105,4096,64,128,256,6,8,8,2,18153472,70912.0,2048,4096,4587520,4587520,2924544,2924544,917504,1835008,376832,708,0,454,128,180,1032,4,results\formal_ir_dwb\IRDWB_uniform_path_dwb1_uniform_seed105.json,b122475316f42d3d9820d994b776caa3863b6e30f254cae83f9ff21405b16757
IRDWB_uniform_deferred_dwb1_uniform_seed105,deferred,uniform,True,uniform,105,4096,64,128,256,6,8,8,2,19620064,76640.875,2048,5462,6117440,1529920,3899868,3899868,1223488,2446976,502504,708,0,454,128,180,1032,4,results\formal_ir_dwb\IRDWB_uniform_deferred_dwb1_uniform_seed105.json,bee8fed5a2a592fbb466db118683ada22e56f1a794518b5f0176d4fba1728268
IRDWB_uniform_sde_dwb1_uniform_seed105,sde,uniform,True,uniform,105,4096,64,128,256,6,8,8,2,15630624,61057.125,2048,5462,4363840,1529920,2781948,2781948,1574208,2096256,502504,708,0,454,128,180,1032,4,results\formal_ir_dwb\IRDWB_uniform_sde_dwb1_uniform_seed105.json,0c4d5a94c49d78a962c3463ac484a405d5a1e7a21ac45f74ec0da1f8c53e8944
IRDWB_depth_path_dwb0_uniform_seed105,path,depth,False,uniform,105,4096,64,128,256,6,8,8,2,15138816,59136.0,2048,4096,3276800,3276800,2727936,2727936,917504,1835008,376832,1057,129,674,0,0,991,6,results\formal_ir_dwb\IRDWB_depth_path_dwb0_uniform_seed105.json,9ed044503cb8b5a8d0a8b939d3ce8897fb6245b7d4fede937fefb0600e8df021
IRDWB_depth_deferred_dwb0_uniform_seed105,deferred,depth,False,uniform,105,4096,64,128,256,6,8,8,2,16910752,66057.625,2048,5462,4369600,1092800,3637692,3637692,1223488,2446976,502504,1057,129,674,0,0,991,6,results\formal_ir_dwb\IRDWB_depth_deferred_dwb0_uniform_seed105.json,8e9fbc997127b3054b325cce822023da972f4fc09b1ef54a4a7544405a98cb45
IRDWB_depth_sde_dwb0_uniform_seed105,sde,depth,False,uniform,105,4096,64,128,256,6,8,8,2,13617920,53195.0,2048,5462,3168560,1092800,2591796,2591796,1578688,2091776,502504,1057,129,674,0,0,991,6,results\formal_ir_dwb\IRDWB_depth_sde_dwb0_uniform_seed105.json,1106535b94dd1f138938def0e8fdcd932363b0a7db76e23b2053e912a1c08b0a
IRDWB_depth_path_dwb1_uniform_seed105,path,depth,True,uniform,105,4096,64,128,256,6,8,8,2,15138816,59136.0,2048,4096,3276800,3276800,2727936,2727936,917504,1835008,376832,708,0,454,128,180,1032,4,results\formal_ir_dwb\IRDWB_depth_path_dwb1_uniform_seed105.json,8ab5f94e1eec0633749e595fdf57319b97002fbc603ba78bc5cb86e0e4c87745
IRDWB_depth_deferred_dwb1_uniform_seed105,deferred,depth,True,uniform,105,4096,64,128,256,6,8,8,2,16910752,66057.625,2048,5462,4369600,1092800,3637692,3637692,1223488,2446976,502504,708,0,454,128,180,1032,4,results\formal_ir_dwb\IRDWB_depth_deferred_dwb1_uniform_seed105.json,c416646008d76515bbbf11b5bc9267b65b9621342f0d848cf78c76d01d4ed1d9
IRDWB_depth_sde_dwb1_uniform_seed105,sde,depth,True,uniform,105,4096,64,128,256,6,8,8,2,13654384,53337.4375,2048,5462,3179920,1092800,2604348,2604348,1574208,2096256,502504,708,0,454,128,180,1032,4,results\formal_ir_dwb\IRDWB_depth_sde_dwb1_uniform_seed105.json,ec8ce8d3e9e01ef8352d7895522f8e821a69efc951268d7094b8a4fb69cae245
IRDWB_uniform_path_dwb0_hot90_seed105,path,uniform,False,hot90,105,4096,64,128,256,6,8,8,2,18153472,70912.0,2048,4096,4587520,4587520,2924544,2924544,917504,1835008,376832,809,109,505,0,0,1239,11,results\formal_ir_dwb\IRDWB_uniform_path_dwb0_hot90_seed105.json,215a3f8484134258bdc639184ba38d20754a7e64de643baaaa2ea9edbdac74bc
IRDWB_uniform_deferred_dwb0_hot90_seed105,deferred,uniform,False,hot90,105,4096,64,128,256,6,8,8,2,19620064,76640.875,2048,5462,6117440,1529920,3899868,3899868,1223488,2446976,502504,809,109,505,0,0,1239,11,results\formal_ir_dwb\IRDWB_uniform_deferred_dwb0_hot90_seed105.json,2e86c1432f3e712c26b7b6a1f63fd0ad301d8a31bfeb1904fbfd7b3c055db563
IRDWB_uniform_sde_dwb0_hot90_seed105,sde,uniform,False,hot90,105,4096,64,128,256,6,8,8,2,15656104,61156.65625,2048,5462,4375040,1529920,2789088,2789088,1571968,2098496,502504,809,109,505,0,0,1239,11,results\formal_ir_dwb\IRDWB_uniform_sde_dwb0_hot90_seed105.json,39598f4ff3eec2dc51ad45d5c1c8c9da9a9cc12fcca97582f63a12681138342c
IRDWB_uniform_path_dwb1_hot90_seed105,path,uniform,True,hot90,105,4096,64,128,256,6,8,8,2,18153472,70912.0,2048,4096,4587520,4587520,2924544,2924544,917504,1835008,376832,548,0,353,118,139,1243,5,results\formal_ir_dwb\IRDWB_uniform_path_dwb1_hot90_seed105.json,3a87fb33b6f556790c7fc2d6975017d6e82d4da8e3d4a079ff4aa034926e51a4
IRDWB_uniform_deferred_dwb1_hot90_seed105,deferred,uniform,True,hot90,105,4096,64,128,256,6,8,8,2,19620064,76640.875,2048,5462,6117440,1529920,3899868,3899868,1223488,2446976,502504,548,0,353,118,139,1243,5,results\formal_ir_dwb\IRDWB_uniform_deferred_dwb1_hot90_seed105.json,1a39a7d5372dad3575ec7a8973b2397ad7fd303cfeb245c1e19a26786740acce
IRDWB_uniform_sde_dwb1_hot90_seed105,sde,uniform,True,hot90,105,4096,64,128,256,6,8,8,2,15630624,61057.125,2048,5462,4363840,1529920,2781948,2781948,1574208,2096256,502504,548,0,353,118,139,1243,5,results\formal_ir_dwb\IRDWB_uniform_sde_dwb1_hot90_seed105.json,ef288108af6f532cb648d33ef2920c9464b893d978eb3e374b95ae791b1884fe
IRDWB_depth_path_dwb0_hot90_seed105,path,depth,False,hot90,105,4096,64,128,256,6,8,8,2,15138816,59136.0,2048,4096,3276800,3276800,2727936,2727936,917504,1835008,376832,809,109,505,0,0,1239,11,results\formal_ir_dwb\IRDWB_depth_path_dwb0_hot90_seed105.json,25a46e59b0b6222f09f757b2ca35358a0d7240f4bbd290a7d3e99b5e8edea438
IRDWB_depth_deferred_dwb0_hot90_seed105,deferred,depth,False,hot90,105,4096,64,128,256,6,8,8,2,16910752,66057.625,2048,5462,4369600,1092800,3637692,3637692,1223488,2446976,502504,809,109,505,0,0,1239,11,results\formal_ir_dwb\IRDWB_depth_deferred_dwb0_hot90_seed105.json,b741ab3853e5dc0aff291e11d03cba256794b2460b2205b936fdfdd8c12593e5
IRDWB_depth_sde_dwb0_hot90_seed105,sde,depth,False,hot90,105,4096,64,128,256,6,8,8,2,13679832,53436.84375,2048,5462,3191600,1092800,2611232,2611232,1571968,2098496,502504,809,109,505,0,0,1239,11,results\formal_ir_dwb\IRDWB_depth_sde_dwb0_hot90_seed105.json,74f8beacfa089a20bc92aef1bb5375a16f1c66a691e271a0e40a746544efd472
IRDWB_depth_path_dwb1_hot90_seed105,path,depth,True,hot90,105,4096,64,128,256,6,8,8,2,15138816,59136.0,2048,4096,3276800,3276800,2727936,2727936,917504,1835008,376832,548,0,353,118,139,1243,5,results\formal_ir_dwb\IRDWB_depth_path_dwb1_hot90_seed105.json,28ec51b63720105506fa257c5b937cf89eecbcba97898bff84e5942b0ac9e098
IRDWB_depth_deferred_dwb1_hot90_seed105,deferred,depth,True,hot90,105,4096,64,128,256,6,8,8,2,16910752,66057.625,2048,5462,4369600,1092800,3637692,3637692,1223488,2446976,502504,548,0,353,118,139,1243,5,results\formal_ir_dwb\IRDWB_depth_deferred_dwb1_hot90_seed105.json,b4e7fb9a9c555af9fdeb0795ec3afa6af91124290739974666e1e46a40b1d219
IRDWB_depth_sde_dwb1_hot90_seed105,sde,depth,True,hot90,105,4096,64,128,256,6,8,8,2,13660144,53359.9375,2048,5462,3184400,1092800,2604988,2604988,1574208,2096256,502504,548,0,353,118,139,1243,5,results\formal_ir_dwb\IRDWB_depth_sde_dwb1_hot90_seed105.json,3e8a3ac658e683fb9232b10242f47609361e3a12d0c8b5320866fb345c3e52f1
