id,kind,workload,seed,N,B,Z,A,S,R,map_B,requests,measurement_bytes,bytes_per_request,rpc_per_request,source_path,source_sha256
B3_path_uniform_seed101,path,uniform,101,16384,4096,4,3,3,256,256,4096,2161311744,527664.0,4.0,results\formal_tuned\B3_path_uniform_seed101.json,73a0ef5983340f098a42b0f277bff3ad9c7bfff6672072fd19315373d35543b0
B3_deferred_uniform_seed101,deferred,uniform,101,16384,4096,4,3,3,256,256,4096,1830899952,446997.05859375,5.3330078125,results\formal_tuned\B3_deferred_uniform_seed101.json,d26b27659d341ade1f99f8428ac76514a7e7ace2fa3adbb27576cd48e41d090e
B3_sde_uniform_seed101,sde,uniform,101,16384,4096,4,3,3,256,256,4096,1385798992,338329.83203125,5.3330078125,results\formal_tuned\B3_sde_uniform_seed101.json,8a602cf06e71e73b32295f2d055d20ab0b355ce304147b12a13d918bb6064521
B3_ring_uniform_seed101,ring,uniform,101,16384,4096,7,6,9,256,256,4096,1391498256,339721.25390625,6.999755859375,results\formal_tuned\B3_ring_uniform_seed101.json,a9014652ca90a6df08bb999bcc8f86fa35bb97f76eaf6167dacc32d01777bb95
B3_r0_uniform_seed101,r0,uniform,101,16384,4096,7,6,6,256,256,4096,1036233920,252986.796875,6.999755859375,results\formal_tuned\B3_r0_uniform_seed101.json,2528f7111792ba52b6a2bc580f183fd528f4b5bc17a34fb05c4eadf3ed068182
B3_path_hot90_seed101,path,hot90,101,16384,4096,4,3,3,256,256,4096,2161311744,527664.0,4.0,results\formal_tuned\B3_path_hot90_seed101.json,a79e07f8880b41a7e9e11107021dfbcd9d9c23619da9e251096c58b658784eba
B3_deferred_hot90_seed101,deferred,hot90,101,16384,4096,4,3,3,256,256,4096,1830899952,446997.05859375,5.3330078125,results\formal_tuned\B3_deferred_hot90_seed101.json,9c08d62e0d7b8fd50b4b87112580b30fd1c4bce6027f9c294db1daf54f39bba0
B3_sde_hot90_seed101,sde,hot90,101,16384,4096,4,3,3,256,256,4096,1386565584,338516.98828125,5.3330078125,results\formal_tuned\B3_sde_hot90_seed101.json,bd6f217f8f540b7b0c15a29cd38bd152f2fa1117090e6ac0556e9e333f8650cf
B3_ring_hot90_seed101,ring,hot90,101,16384,4096,7,6,9,256,256,4096,1389029232,339118.46484375,6.999755859375,results\formal_tuned\B3_ring_hot90_seed101.json,c595d499efbb1bcf32ab8ffce9ab0fff26a4e9249a0ae4712b0af9fa802a55eb
B3_r0_hot90_seed101,r0,hot90,101,16384,4096,7,6,6,256,256,4096,1037562448,253311.14453125,6.999755859375,results\formal_tuned\B3_r0_hot90_seed101.json,c443d98a720c9f4068baa35e96d8cd01f7d482ab2bf51ba13cb36fd261aad853
B3_path_uniform_seed102,path,uniform,102,16384,4096,4,3,3,256,256,4096,2161311744,527664.0,4.0,results\formal_tuned\B3_path_uniform_seed102.json,f0e4ff7c6a5c70fea9f790ad9bb396b85196ad42de7b24cff940e74cb5c1b0c7
B3_deferred_uniform_seed102,deferred,uniform,102,16384,4096,4,3,3,256,256,4096,1830899952,446997.05859375,5.3330078125,results\formal_tuned\B3_deferred_uniform_seed102.json,390719b34a66b5183fd116f86574a63fd95c1f134bd2aeb4efd80ae4933b49e9
B3_sde_uniform_seed102,sde,uniform,102,16384,4096,4,3,3,256,256,4096,1389402488,339209.591796875,5.3330078125,results\formal_tuned\B3_sde_uniform_seed102.json,28b67505f69d1d6b3b6a8ce78809807156dcd2253753dd549322572d11c52fa8
B3_ring_uniform_seed102,ring,uniform,102,16384,4096,7,6,9,256,256,4096,1393945328,340318.68359375,6.999755859375,results\formal_tuned\B3_ring_uniform_seed102.json,c3b9e4822edbcbcd3e4c83dd04d9ee4804690282e0c79ed38c1916873ff004b0
B3_r0_uniform_seed102,r0,uniform,102,16384,4096,7,6,6,256,256,4096,1039087952,253683.58203125,6.999755859375,results\formal_tuned\B3_r0_uniform_seed102.json,1c0624a9542d3372a3858ecafd6a2489492640d901b0a1318d35a6e23f087c20
B3_path_hot90_seed102,path,hot90,102,16384,4096,4,3,3,256,256,4096,2161311744,527664.0,4.0,results\formal_tuned\B3_path_hot90_seed102.json,360bb40a65b161b55ae099e93cf0e46870e4ac96108f9f92c207ca62c99029cc
B3_deferred_hot90_seed102,deferred,hot90,102,16384,4096,4,3,3,256,256,4096,1830899952,446997.05859375,5.3330078125,results\formal_tuned\B3_deferred_hot90_seed102.json,63f829ac0e50af2e02ea6ff53cab2098f8274c2ec0e2b4c2952943a7c70f4f8a
B3_sde_hot90_seed102,sde,hot90,102,16384,4096,4,3,3,256,256,4096,1385266384,338199.80078125,5.3330078125,results\formal_tuned\B3_sde_hot90_seed102.json,95b506b3c53c994bed48c607ca68a2ec761d2ee13959015a87b7a58a0755c1f1
B3_ring_hot90_seed102,ring,hot90,102,16384,4096,7,6,9,256,256,4096,1388055760,338880.80078125,6.999755859375,results\formal_tuned\B3_ring_hot90_seed102.json,36d9ee1758f71670fd376b6b144dadf26167bbf259c1d5a09e1db8ae2b00e73f
B3_r0_hot90_seed102,r0,hot90,102,16384,4096,7,6,6,256,256,4096,1037739664,253354.41015625,6.999755859375,results\formal_tuned\B3_r0_hot90_seed102.json,1cbe9af4ead7c07604f0721be15bcbca3c8fd76b8f9171bb1463489c059eb237
B3_path_uniform_seed103,path,uniform,103,16384,4096,4,3,3,256,256,4096,2161311744,527664.0,4.0,results\formal_tuned\B3_path_uniform_seed103.json,557438426dd07228cc8caa26bc0659d4fbd2c19b46bd14cb5ec3196579fa7281
B3_deferred_uniform_seed103,deferred,uniform,103,16384,4096,4,3,3,256,256,4096,1830899952,446997.05859375,5.3330078125,results\formal_tuned\B3_deferred_uniform_seed103.json,bc6ac54fbbc82ff9f0488fec37d38e7fbc253dd470a7a9e6ba244868870ce17c
B3_sde_uniform_seed103,sde,uniform,103,16384,4096,4,3,3,256,256,4096,1386775840,338568.3203125,5.3330078125,results\formal_tuned\B3_sde_uniform_seed103.json,cb40d5ec804c4b89fa26d8f86650930c91529aff1d2027864458e5635f7dda27
B3_ring_uniform_seed103,ring,uniform,103,16384,4096,7,6,9,256,256,4096,1391079408,339618.99609375,6.999755859375,results\formal_tuned\B3_ring_uniform_seed103.json,4a7cac943328a0b38626bc095d67253c79525a9336154ee8a193eb4edfeaf49c
B3_r0_uniform_seed103,r0,uniform,103,16384,4096,7,6,6,256,256,4096,1039642912,253819.0703125,6.999755859375,results\formal_tuned\B3_r0_uniform_seed103.json,59748a540e7fad61031d6a90747c241a72389e6d56573b26a17d03074f921577
B3_path_hot90_seed103,path,hot90,103,16384,4096,4,3,3,256,256,4096,2161311744,527664.0,4.0,results\formal_tuned\B3_path_hot90_seed103.json,897fc37157b11554380be9a8460117545c55d0bb705d1ba5321b4caf2a51472f
B3_deferred_hot90_seed103,deferred,hot90,103,16384,4096,4,3,3,256,256,4096,1830899952,446997.05859375,5.3330078125,results\formal_tuned\B3_deferred_hot90_seed103.json,954b674991f89fbe473fc8ab8c9aa2306dc38084142088032f3892c18a6899f5
B3_sde_hot90_seed103,sde,hot90,103,16384,4096,4,3,3,256,256,4096,1388625112,339019.802734375,5.3330078125,results\formal_tuned\B3_sde_hot90_seed103.json,75a86bb12024a640c4e358d2941ea819c3096a339b2f687b1410cb58fdd5fc5c
B3_ring_hot90_seed103,ring,hot90,103,16384,4096,7,6,9,256,256,4096,1392068816,339860.55078125,6.999755859375,results\formal_tuned\B3_ring_hot90_seed103.json,64f7aa4d5d17251ea343730602c3298ee984c8b6f5b8a0a44b96a1d870d43e58
B3_r0_hot90_seed103,r0,hot90,103,16384,4096,7,6,6,256,256,4096,1040569744,254045.34765625,6.999755859375,results\formal_tuned\B3_r0_hot90_seed103.json,f5a458d79308c791e7cdb83cd19b2e40d4e2d41e085f536c9883d47949220b3a
B3_path_uniform_seed104,path,uniform,104,16384,4096,4,3,3,256,256,4096,2161311744,527664.0,4.0,results\formal_tuned\B3_path_uniform_seed104.json,69b3bd3b35900d1878a825d43b98ce64eb86a94b97b9dff3cb99529ee2f14512
B3_deferred_uniform_seed104,deferred,uniform,104,16384,4096,4,3,3,256,256,4096,1830899952,446997.05859375,5.3330078125,results\formal_tuned\B3_deferred_uniform_seed104.json,4f3635c1f1f30884cb7b54a61e6c477c67b9c07183b478c3e6ea3179ed199975
B3_sde_uniform_seed104,sde,uniform,104,16384,4096,4,3,3,256,256,4096,1388993160,339109.658203125,5.3330078125,results\formal_tuned\B3_sde_uniform_seed104.json,4f7c9cd7c1b90a14e79a5844dae9904bb69d81c5287a53b83e6e7c4ff7cf004a
B3_ring_uniform_seed104,ring,uniform,104,16384,4096,7,6,9,256,256,4096,1390646320,339513.26171875,6.999755859375,results\formal_tuned\B3_ring_uniform_seed104.json,4450097db39c2e078879fcde5b9f2cce6413ae9aa43d0fa6559e242a1247250b
B3_r0_uniform_seed104,r0,uniform,104,16384,4096,7,6,6,256,256,4096,1037374960,253265.37109375,6.999755859375,results\formal_tuned\B3_r0_uniform_seed104.json,7196d8cc164a2875e5ffa4f059ffd26ee0d0209382e14dc99f2a12967f3edc9b
B3_path_hot90_seed104,path,hot90,104,16384,4096,4,3,3,256,256,4096,2161311744,527664.0,4.0,results\formal_tuned\B3_path_hot90_seed104.json,5bcf76755fc96c7d56fbb26af481d2f4ae9f5e5129b3d3150cb72be95afdbcdf
B3_deferred_hot90_seed104,deferred,hot90,104,16384,4096,4,3,3,256,256,4096,1830899952,446997.05859375,5.3330078125,results\formal_tuned\B3_deferred_hot90_seed104.json,56c33ccc7caa6a8c10fb3949ce6958e4a537f474eb07da8c64194f636c36d5fe
B3_sde_hot90_seed104,sde,hot90,104,16384,4096,4,3,3,256,256,4096,1389050200,339123.583984375,5.3330078125,results\formal_tuned\B3_sde_hot90_seed104.json,326902455770e3a32e48a48310d468213db56ec47d666ccdea8fb4573b10d9dd
B3_ring_hot90_seed104,ring,hot90,104,16384,4096,7,6,9,256,256,4096,1392002608,339844.38671875,6.999755859375,results\formal_tuned\B3_ring_hot90_seed104.json,bf46011e98ebf11def053d8d91a362b70a56fae6a29823834e6cd5d787f72c6a
B3_r0_hot90_seed104,r0,hot90,104,16384,4096,7,6,6,256,256,4096,1034558816,252577.8359375,6.999755859375,results\formal_tuned\B3_r0_hot90_seed104.json,159a4dfe6fa7df1c752fd20c5de07f456265d938e1f44bce46a63ae3b6763544
B3_path_uniform_seed105,path,uniform,105,16384,4096,4,3,3,256,256,4096,2161311744,527664.0,4.0,results\formal_tuned\B3_path_uniform_seed105.json,4172a56931e6c6567cc24fadb1a2ed556a809de06679e706dc0764ba56b38341
B3_deferred_uniform_seed105,deferred,uniform,105,16384,4096,4,3,3,256,256,4096,1830899952,446997.05859375,5.3330078125,results\formal_tuned\B3_deferred_uniform_seed105.json,5e675a4d814b67036bb90810fafd5afbfd1e1f1eafd746c538231c5f28b061b0
B3_sde_uniform_seed105,sde,uniform,105,16384,4096,4,3,3,256,256,4096,1390368568,339445.451171875,5.3330078125,results\formal_tuned\B3_sde_uniform_seed105.json,df6c313302505ceb2720c7b43c614ea2df590454380552bb66feb6464847f371
B3_ring_uniform_seed105,ring,uniform,105,16384,4096,7,6,9,256,256,4096,1390106096,339381.37109375,6.999755859375,results\formal_tuned\B3_ring_uniform_seed105.json,80e2e02195c87f2c0135278c62b3da01494c242b8aa5a5c50060b5c9ee5f6874
B3_r0_uniform_seed105,r0,uniform,105,16384,4096,7,6,6,256,256,4096,1040157168,253944.62109375,6.999755859375,results\formal_tuned\B3_r0_uniform_seed105.json,9e0775f079db435a37c1ff37fe22b4cb1da0a88079ec0243c97e2eb0d55384a9
B3_path_hot90_seed105,path,hot90,105,16384,4096,4,3,3,256,256,4096,2161311744,527664.0,4.0,results\formal_tuned\B3_path_hot90_seed105.json,86d37f3f4ae7d87b278e47227ea2906ededd3e7df6af2676ea59d82610ec285c
B3_deferred_hot90_seed105,deferred,hot90,105,16384,4096,4,3,3,256,256,4096,1830899952,446997.05859375,5.3330078125,results\formal_tuned\B3_deferred_hot90_seed105.json,79b2747f8a6bf5dbc8ae877dfdd450fb1664ec7d3efb201dd031d22607fbf0de
B3_sde_hot90_seed105,sde,hot90,105,16384,4096,4,3,3,256,256,4096,1389614832,339261.43359375,5.3330078125,results\formal_tuned\B3_sde_hot90_seed105.json,1c54094c142a71646ef0bf9822eec58901c426747afc3609f64273924eeddcba
B3_ring_hot90_seed105,ring,hot90,105,16384,4096,7,6,9,256,256,4096,1392222704,339898.12109375,6.999755859375,results\formal_tuned\B3_ring_hot90_seed105.json,80fbc3b1bb2e55150417f9bd96b2b0fe3120df75ee804b88fd883f06ade28c0d
B3_r0_hot90_seed105,r0,hot90,105,16384,4096,7,6,6,256,256,4096,1037202720,253223.3203125,6.999755859375,results\formal_tuned\B3_r0_hot90_seed105.json,4a74f47ec9642e55e08a3fc8e424109b510f9a118e275e59555470ebada99c99
