0,192,4096,R,0
0,160,4096,R,1
0,48,4096,R,2
0,224,4096,W,3
0,248,4096,W,4
0,128,4096,R,5
0,80,4096,R,6
0,232,4096,W,7
0,144,4096,W,8
0,144,4096,W,9
0,32,4096,R,10
0,104,4096,W,11
0,136,4096,R,12
0,64,4096,W,13
0,136,4096,W,14
0,8,4096,W,15
0,160,4096,R,16
0,232,4096,W,17
0,232,4096,R,18
0,136,4096,W,19
0,32,4096,W,20
0,216,4096,W,21
0,136,4096,R,22
0,192,4096,W,23
0,40,4096,W,24
0,168,4096,W,25
0,200,4096,W,26
0,144,4096,R,27
0,80,4096,W,28
0,64,4096,W,29
0,72,4096,W,30
0,232,4096,W,31
0,200,4096,W,32
0,104,4096,R,33
0,56,4096,W,34
0,184,4096,R,35
0,104,4096,W,36
0,248,4096,W,37
0,40,4096,R,38
0,104,4096,R,39
0,136,4096,W,40
0,0,4096,R,41
0,240,4096,R,42
0,216,4096,R,43
0,8,4096,W,44
0,240,4096,W,45
0,160,4096,R,46
0,112,4096,R,47
