id,family,layout,N,B,workload,arm,seed,warmup_requests,measured_requests,bytes_per_request,rpc_per_request,request_bytes,response_bytes,cpu_seconds,harness_seconds,elapsed_seconds,max_online_boundary_stash,answer_sha256,transcript_sha256,receipt,receipt_sha256
MIN_formal_AB_depth_base_B4096_seed101,AB,depth,4096,4096,uniform,base,101,12288,24576,197502.0107421875,6.230631510416667,2590019448,2263789968,1813.859375,1836.2306389000732,3170.106565475464,3,82da792ce2414fabb730f1a990f08fb9009311b4dc9b15810ee7d0f87dc535c5,1a09d4809bf5907580d518135bc97960fbd42705439ec1bf6c28463bd66a2ca7,results\formal\MIN_formal_AB_depth_base_B4096_seed101.json,99cb6be4ba4033e9752aea991546e2a556b2cae8c13eda45fccfc629d9bb2eb9
MIN_formal_AB_depth_base_B4096_seed102,AB,depth,4096,4096,uniform,base,102,12288,24576,197585.69970703125,6.234130859375,2591382404,2264483752,1817.734375,1839.0799758000067,3194.2524733543396,2,973d1c5a0aa25322750657887aa75153d894bd4cc89cf2f1f49bc012fff680d7,1098531d56b0aac87097b8e352dcc01aac32779ce46cc178d5c6a7777e3c1c3f,results\formal\MIN_formal_AB_depth_base_B4096_seed102.json,b5ac1457addcee9b5e683390c69b25354ef5333d2d5a553e9a83ac45b8244bfb
MIN_formal_AB_depth_base_B4096_seed103,AB,depth,4096,4096,uniform,base,103,12288,24576,197290.91861979166,6.221354166666667,2586730672,2261890944,1812.21875,1833.6258051999612,3190.658059120178,2,805257050ecd114177e4f3be376d98ae51f7e3d73c254590c539d98c684f186c,32af5f8d390f7f541559e78a19d1498f0b3c9a508376e2991c4b0bded543be21,results\formal\MIN_formal_AB_depth_base_B4096_seed103.json,14b492d5f8d3580ea4842b9585157c71bf8bf91254b32c737cb24716f7ce682c
MIN_formal_AB_depth_base_B4096_seed104,AB,depth,4096,4096,uniform,base,104,12288,24576,197274.6427408854,6.220621744791667,2586475516,2261746104,2001.984375,2031.1983877000166,3443.45375084877,3,3d69fc4fdb2844d8148c2d6bc93130169f5b65adbca0f5fc65080cbb279d2746,ca2fa57c800d2d66df742d493d5490f61159a7d34cc704b63d5db9314ff45f3e,results\formal\MIN_formal_AB_depth_base_B4096_seed104.json,5b35a2a00380f0e461a0d5e57772a6b535855b11dfad3c4146c58526f55c475e
MIN_formal_AB_depth_base_B4096_seed105,AB,depth,4096,4096,uniform,base,105,12288,24576,197580.2628580729,6.233479817708333,2591360916,2264371624,2004.0625,2032.1663927000482,3443.8714332580566,4,ed45ca67e443d83ab04b12eb7ebe9ac32ffb05c019ff6698e6d89fe32f48f2d9,6fe09992a05edcfde70e69c8e13081da31f798f20c6e20db8726f80c18a63c2a,results\formal\MIN_formal_AB_depth_base_B4096_seed105.json,78d34d74a8a8721293e2d29880a1663bb85e4bdbef2c2b4661983e57a59d49e4
MIN_formal_AB_depth_base_B64_seed101,AB,depth,4096,64,uniform,base,101,12288,24576,18790.302897135418,6.228108723958333,258549500,203240984,241.9375,245.02570070000365,412.23490595817566,3,7100487fb51e8014099d39fd2bb7e5faea90e13daa303c13aa8cd95450f8ba31,d2b6c11647d10365cf1b76483e6b5ffe4224c6395d1ed3957bcb1aeba8e2f4c5,results\formal\MIN_formal_AB_depth_base_B64_seed101.json,9eb77308384e9a8d94434303493a4e01bed8045d58212825a5b59f908205f4dc
MIN_formal_AB_depth_base_B64_seed102,AB,depth,4096,64,uniform,base,102,12288,24576,18790.409016927082,6.229410807291667,258540332,203252760,242.34375,245.38086769997608,404.2839162349701,3,46c40b7c5dd47e85a10094d66e0f08bb96e324893a289ab802ee5c17153b02ce,7e561161f9f9ba762ca5ee1a5027ad5b7e116690e1bbb311c244d7f0addde109,results\formal\MIN_formal_AB_depth_base_B64_seed102.json,f181607c70e8147656b8270ce42edd17a7109dc79ae92935a680582f6ff4337e
MIN_formal_AB_depth_base_B64_seed103,AB,depth,4096,64,uniform,base,103,12288,24576,18796.62939453125,6.232828776041667,258669764,203276200,259.28125,262.44300920004025,440.9763355255127,2,2b2cc6b0fef146f9c667c4b87fa261949e5a641480ca610d66e72afb4223f76e,786ff5bac87d0a522fd0fe0ad0150527ef4ddb2aa13c1a3d6f340584340d8c59,results\formal\MIN_formal_AB_depth_base_B64_seed103.json,c2b6f9a373b018b3cb7d0ba8ee87fc46f665c0ca6045b8007685911136b16879
MIN_formal_AB_depth_base_B64_seed104,AB,depth,4096,64,uniform,base,104,12288,24576,18801.984049479168,6.23876953125,258799944,203277616,243.578125,246.50120289996266,407.17480087280273,3,844c3d61d7cd64c6d5a18e33b6b97baba62e7562e4e983dc3759173f6bc204d4,8bc42d2dcc6a3bd7c72c365d6559d118de370ffcd0820f7e54d9efa6b860578c,results\formal\MIN_formal_AB_depth_base_B64_seed104.json,9833a5f98c74456fc8cb3089d3cecd58df226dc0028198c2e3e4545010f83ee5
MIN_formal_AB_depth_base_B64_seed105,AB,depth,4096,64,uniform,base,105,12288,24576,18786.413736979168,6.226725260416667,258494504,203200400,245.203125,248.3188960000407,409.5128037929535,3,36113f022dc91d913c42a994c54f90aeea23ce655704928b954c53f78af0f2b4,f97c64794b7fad433d86541c6dacd45ac13dcfa5c2f491dfc2caac1b96aa941e,results\formal\MIN_formal_AB_depth_base_B64_seed105.json,3e00db854b54edf20a820688233ed2e9080ba14c832a5b56afba7983cad44faa
MIN_formal_AB_depth_full_probe_B4096_seed101,AB,depth,4096,4096,uniform,full_probe,101,12288,24576,197736.30859375,6.239908854166667,2593877952,2265689568,1919.765625,1944.2164034999441,3261.110995054245,7,82da792ce2414fabb730f1a990f08fb9009311b4dc9b15810ee7d0f87dc535c5,5cefc038ba11e745a76acfeb94e22701df9eba75900b359932a1e8e910204c1e,results\formal\MIN_formal_AB_depth_full_probe_B4096_seed101.json,960228bc39020e7dd9a84e9217205d9b86c8612869a293450e64a985930ccd27
MIN_formal_AB_depth_full_probe_B4096_seed102,AB,depth,4096,4096,uniform,full_probe,102,12288,24576,197317.43359375,6.222330729166667,2587177856,2262095392,1913.046875,1937.9420878000092,3264.6621313095093,7,973d1c5a0aa25322750657887aa75153d894bd4cc89cf2f1f49bc012fff680d7,385ed973d0647aa3ab8a7b07cb45c1e6080c6f4cb827cc0867bb7335b0b4e382,results\formal\MIN_formal_AB_depth_full_probe_B4096_seed102.json,9da149c3ab594b49427b9f532a2eee55e1494ff33a30203da3c55d753aeff0c5
MIN_formal_AB_depth_full_probe_B4096_seed103,AB,depth,4096,4096,uniform,full_probe,103,12288,24576,197831.2880859375,6.24365234375,2595429144,2266472592,1850.515625,1874.6733199000591,3134.215554714203,6,805257050ecd114177e4f3be376d98ae51f7e3d73c254590c539d98c684f186c,b2b54da335702d77050a1a3685398c4b325239334c61c2789fcaaeea88e6a421,results\formal\MIN_formal_AB_depth_full_probe_B4096_seed103.json,d867e61709fd6731a1b93889d41ca52eae3793f936b66e6575387ace8a59fa46
MIN_formal_AB_depth_full_probe_B4096_seed104,AB,depth,4096,4096,uniform,full_probe,104,12288,24576,197616.08235677084,6.23486328125,2591970424,2264642416,2020.53125,2048.3990699000424,3441.33735871315,6,3d69fc4fdb2844d8148c2d6bc93130169f5b65adbca0f5fc65080cbb279d2746,4586155bee7e482d6a044f2cefd772cc1e499ef0fce44f28bfba67d237cdfd19,results\formal\MIN_formal_AB_depth_full_probe_B4096_seed104.json,32d21bb4764477456e746ac5585e217f371758f3b9847958cdea55bb1a90deda
MIN_formal_AB_depth_full_probe_B4096_seed105,AB,depth,4096,4096,uniform,full_probe,105,12288,24576,197582.85579427084,6.233235677083333,2591476632,2264319632,2023.046875,2050.75978209998,3456.736747264862,6,ed45ca67e443d83ab04b12eb7ebe9ac32ffb05c019ff6698e6d89fe32f48f2d9,e202ede3d3d6e7462dc081eb008951bc81ab7f8678cb52c8f3b2798c3c4a4108,results\formal\MIN_formal_AB_depth_full_probe_B4096_seed105.json,4e423bf5186a85148753592d66399fdeb360db53bd34e3062e1c03be3b46dcf0
MIN_formal_AB_depth_full_probe_B64_seed101,AB,depth,4096,64,uniform,full_probe,101,12288,24576,18797.55224609375,6.234619140625,258712428,203256216,242.140625,245.03894250001758,424.3686740398407,7,7100487fb51e8014099d39fd2bb7e5faea90e13daa303c13aa8cd95450f8ba31,6e77160542f5f76ec825f6c1d12e2a6fd1cc6878f458194b72bacfb0598e7907,results\formal\MIN_formal_AB_depth_full_probe_B64_seed101.json,fcb02a4bc6198dbe460120c7d9343b50843f6c9b6e64f5f342c0165a076b22ee
MIN_formal_AB_depth_full_probe_B64_seed102,AB,depth,4096,64,uniform,full_probe,102,12288,24576,18800.491373697918,6.237060546875,258754852,203286024,234.0,236.3943728999002,416.6982457637787,8,46c40b7c5dd47e85a10094d66e0f08bb96e324893a289ab802ee5c17153b02ce,9a792717b884bc3cad4d346fdcf260d7f270f749fe3053c88e786ed114f022ca,results\formal\MIN_formal_AB_depth_full_probe_B64_seed102.json,9ed925fd833e44a1b6a5c560366536483b27fb5bd5e821a59d93cd5a14a76668
MIN_formal_AB_depth_full_probe_B64_seed103,AB,depth,4096,64,uniform,full_probe,103,12288,24576,18795.537109375,6.233072916666667,258668112,203251008,234.6875,237.52911340002902,405.0738868713379,7,2b2cc6b0fef146f9c667c4b87fa261949e5a641480ca610d66e72afb4223f76e,dd9cadf1ca77d03269ab5c34ed8dfbe641458502421e05c00c1a880ab43e33d5,results\formal\MIN_formal_AB_depth_full_probe_B64_seed103.json,a81d2ef9de6addda89e61376470c37d4e685e484d80f82082f930f4739c98da7
MIN_formal_AB_depth_full_probe_B64_seed104,AB,depth,4096,64,uniform,full_probe,104,12288,24576,18802.5322265625,6.238118489583333,258812648,203278384,240.1875,242.70994839991909,404.2337136268616,7,844c3d61d7cd64c6d5a18e33b6b97baba62e7562e4e983dc3759173f6bc204d4,5f234d0bafd4d23d9ba70fc7aa4ee6ee42a24be613045f6dd781bbbbd8a4f677,results\formal\MIN_formal_AB_depth_full_probe_B64_seed104.json,c38096832ec49d663be4827020a7d0a97dd1d63f9f1cad41d04bfa313dd46512
MIN_formal_AB_depth_full_probe_B64_seed105,AB,depth,4096,64,uniform,full_probe,105,12288,24576,18800.5419921875,6.236490885416667,258759864,203282256,236.046875,238.46345689997543,399.5383720397949,6,36113f022dc91d913c42a994c54f90aeea23ce655704928b954c53f78af0f2b4,cc50d0580c56b0a592d0f6127e6d629e369f27d4a2f7d6b9f890a5887a10adc5,results\formal\MIN_formal_AB_depth_full_probe_B64_seed105.json,d59e25bc6ff7d7f2a31219375bb18b01d85b856ee656a3259235bcb7429f6708
MIN_formal_AB_depth_selective_B4096_seed101,AB,depth,4096,4096,uniform,selective,101,12288,24576,151628.3582356771,4.784423828125,2064145508,1662273024,1360.984375,1376.0752945001004,2439.6785006523132,6,82da792ce2414fabb730f1a990f08fb9009311b4dc9b15810ee7d0f87dc535c5,b54d6951cd8d602cb3778a97c6a973a4a01eafcd980d312f0eb7d3ff3de2c9de,results\formal\MIN_formal_AB_depth_selective_B4096_seed101.json,d829ec620708980269371c436e421fd44142a333c0df6df65e0bca1209a1be41
MIN_formal_AB_depth_selective_B4096_seed102,AB,depth,4096,4096,uniform,selective,102,12288,24576,151591.35221354166,4.784505208333333,2064209120,1661299952,1355.328125,1371.219545400003,2442.2574632167816,6,973d1c5a0aa25322750657887aa75153d894bd4cc89cf2f1f49bc012fff680d7,16d1cb27972ffe5bac7bc7310831a51e1bac327de07d0a641ea80be523ca9f2b,results\formal\MIN_formal_AB_depth_selective_B4096_seed102.json,b82018e21e620a7e7604b16a03eef7dbcb3fb2a01277a8db09aafe2c606e09d3
MIN_formal_AB_depth_selective_B4096_seed103,AB,depth,4096,4096,uniform,selective,103,12288,24576,151560.2902018229,4.781982421875,2063115016,1661630676,1540.34375,1562.590459600091,2656.854873895645,7,805257050ecd114177e4f3be376d98ae51f7e3d73c254590c539d98c684f186c,afa0d5b14bb002400015774ae6e964a0a81c110a2399421ae433647508964f06,results\formal\MIN_formal_AB_depth_selective_B4096_seed103.json,45517a3ddf3efca92cd6c455b2701149e12591c28c36491da7b5cc853f79d022
MIN_formal_AB_depth_selective_B4096_seed104,AB,depth,4096,4096,uniform,selective,104,12288,24576,151624.38720703125,4.783935546875,2063642004,1662678936,1545.078125,1566.6540977000259,2660.641175508499,7,3d69fc4fdb2844d8148c2d6bc93130169f5b65adbca0f5fc65080cbb279d2746,2832aeda193938d6ce9f04539e58b77e0801bc3e00647827bb3f015d68d85e08,results\formal\MIN_formal_AB_depth_selective_B4096_seed104.json,8cf674fa8f0204c295e78737f2f48bb6f16c126051a09d42025b7126fce93671
MIN_formal_AB_depth_selective_B4096_seed105,AB,depth,4096,4096,uniform,selective,105,12288,24576,151352.29166666666,4.7734375,2060184176,1659449744,1537.375,1560.3740807999857,2655.061320543289,7,ed45ca67e443d83ab04b12eb7ebe9ac32ffb05c019ff6698e6d89fe32f48f2d9,59e976f8ea7a4b3ec51f7b7b71c2071f7c22f920e2f6a3a704b31bdb78ac7848,results\formal\MIN_formal_AB_depth_selective_B4096_seed105.json,2e265eee03e43e5a96fbed79c8c04a8482638080116cadb9dd6b4ab4c2d5e1ea
MIN_formal_AB_depth_selective_B64_seed101,AB,depth,4096,64,uniform,selective,101,12288,24576,14096.903971354166,4.784342447916667,193486948,152958564,177.3125,179.78535490005743,311.38057684898376,7,7100487fb51e8014099d39fd2bb7e5faea90e13daa303c13aa8cd95450f8ba31,bea732725e30301d3108e0e4eecd5abbd50f55ae1083ccd69f6b07e78d53f41e,results\formal\MIN_formal_AB_depth_selective_B64_seed101.json,0fb0838b6ed6461d08a5816b219b004ba6e1fcb55394063e4d128045539971eb
MIN_formal_AB_depth_selective_B64_seed102,AB,depth,4096,64,uniform,selective,102,12288,24576,14085.181315104166,4.779134114583333,193318132,152839284,185.328125,187.93917789997067,321.84615325927734,6,46c40b7c5dd47e85a10094d66e0f08bb96e324893a289ab802ee5c17153b02ce,a2af598e315c05c51a686cd61d1cb9f286c166077513b01223d39aee8780c270,results\formal\MIN_formal_AB_depth_selective_B64_seed102.json,fd73f9888d8b168d6e7b33f56da4f6daff185cc7ca7ceaa734c2a9a88aa7222f
MIN_formal_AB_depth_selective_B64_seed103,AB,depth,4096,64,uniform,selective,103,12288,24576,14087.921549479166,4.78173828125,193347752,152877008,218.875,222.33610630000476,365.99560928344727,8,2b2cc6b0fef146f9c667c4b87fa261949e5a641480ca610d66e72afb4223f76e,0c13db2300befc5cc5c26b61d64f8a8be05819c963ba0ac8d459e360ea9a4837,results\formal\MIN_formal_AB_depth_selective_B64_seed103.json,2ba214ef97dfadf622b84b1b7f514f1d7798dcb0991b6b97555a1bc891740b11
MIN_formal_AB_depth_selective_B64_seed104,AB,depth,4096,64,uniform,selective,104,12288,24576,14098.019856770834,4.781087239583333,193446220,153026716,218.5,222.08178609993774,356.4621913433075,7,844c3d61d7cd64c6d5a18e33b6b97baba62e7562e4e983dc3759173f6bc204d4,8f9df6878da901402bb17f8464918202af1e2dc122a226de93707f1aa39ebb2f,results\formal\MIN_formal_AB_depth_selective_B64_seed104.json,45d58ced882e316567cc1750a3654cf9bf1ee17385defbe7186ccc529233d1c2
MIN_formal_AB_depth_selective_B64_seed105,AB,depth,4096,64,uniform,selective,105,12288,24576,14097.268717447916,4.786539713541667,193510976,152943500,188.734375,191.3668556000339,323.9820911884308,6,36113f022dc91d913c42a994c54f90aeea23ce655704928b954c53f78af0f2b4,26e4f2613f048a5e92dfaf32745e412cd5631b54c2adfbf2c71c94ffb5023856,results\formal\MIN_formal_AB_depth_selective_B64_seed105.json,835238d1c3c8d3904333aab9eb4b9a042e9b2c279c3e49a4d5658b476d2f20df
MIN_formal_AB_uniform_base_B64_seed101,AB,uniform,4096,64,uniform,base,101,12288,24576,18535.929524739582,5.813232421875,253902452,201636552,247.296875,249.99936759995762,419.226238489151,2,7100487fb51e8014099d39fd2bb7e5faea90e13daa303c13aa8cd95450f8ba31,ef9fb04c867b9ff4c5fa0f3c61d9b239e0b793d4b54297a20cea73c1829c181d,results\formal\MIN_formal_AB_uniform_base_B64_seed101.json,fbe99f2710967882b48d9a76cbc7d0c00fd5bd7874a0378b9ec793baa69d3aa3
MIN_formal_AB_uniform_base_B64_seed102,AB,uniform,4096,64,uniform,base,102,12288,24576,18528.108561197918,5.807047526041667,253742020,201604776,269.921875,273.8501515000826,458.24099040031433,3,46c40b7c5dd47e85a10094d66e0f08bb96e324893a289ab802ee5c17153b02ce,351ff57456d3af1135d80e21a696902eeec784fedc9dd24aa5fe5101c34e60a1,results\formal\MIN_formal_AB_uniform_base_B64_seed102.json,88a9fd362b778573163a0b410a47070a5f36ac84aee46a6f606db8b2bdf86162
MIN_formal_AB_uniform_base_B64_seed103,AB,uniform,4096,64,uniform,base,103,12288,24576,18543.322428385418,5.817301432291667,254017628,201703064,288.6875,292.8434543000767,489.27119612693787,3,2b2cc6b0fef146f9c667c4b87fa261949e5a641480ca610d66e72afb4223f76e,4b04cca5518ae11dd68b910f8970a2baaef1d3b7ddc3ab056980fdff69f69092,results\formal\MIN_formal_AB_uniform_base_B64_seed103.json,a533aa6d0764644ec25a0c5b7ca3c4b80745702010311aced68c3dd7d8c6b17c
MIN_formal_AB_uniform_base_B64_seed104,AB,uniform,4096,64,uniform,base,104,12288,24576,18527.30615234375,5.805908203125,253709804,201617272,288.46875,292.5074453999987,490.3486349582672,2,844c3d61d7cd64c6d5a18e33b6b97baba62e7562e4e983dc3759173f6bc204d4,8327f1ae205071b59af2f7b13585da072f36069637c3819ae9b9d2b33d85d322,results\formal\MIN_formal_AB_uniform_base_B64_seed104.json,d186dfca3f76fd0c7026677192c1fa3c3e7f5b600c80042fae90fe667e6d7b21
MIN_formal_AB_uniform_base_B64_seed105,AB,uniform,4096,64,uniform,base,105,12288,24576,18527.3505859375,5.806477864583333,253720568,201607600,244.015625,246.57117519993335,414.3191821575165,3,36113f022dc91d913c42a994c54f90aeea23ce655704928b954c53f78af0f2b4,c4a0fb67f44c5b15a0415faaa3816743cfcd4bac631c777b2c9dfd623ddc16cd,results\formal\MIN_formal_AB_uniform_base_B64_seed105.json,d33377c96d7b0376bcbc1899dd8aa44b95a2d71af7d0ec264df5fcc117d677bf
MIN_formal_AB_uniform_selective_B64_seed101,AB,uniform,4096,64,uniform,selective,101,12288,24576,14029.594563802084,4.619710286458333,192499424,152291892,214.21875,217.55620110000018,363.5175881385803,10,7100487fb51e8014099d39fd2bb7e5faea90e13daa303c13aa8cd95450f8ba31,ea5c9ea00ce23d654fb202400fda3f7ffd858bc8d29c292402da7ea4f7c12b2e,results\formal\MIN_formal_AB_uniform_selective_B64_seed101.json,8e9430083ec8f12a2474d38646059897aa4555f60beb46c4670d03124025ecfb
MIN_formal_AB_uniform_selective_B64_seed102,AB,uniform,4096,64,uniform,selective,102,12288,24576,14062.913899739584,4.635498046875,193055788,152554384,215.0625,218.08626240002923,366.71577763557434,6,46c40b7c5dd47e85a10094d66e0f08bb96e324893a289ab802ee5c17153b02ce,ed32ceee1b18fdc211a446636a27d7ae4b319639570beb630c97bdd0b6e307f7,results\formal\MIN_formal_AB_uniform_selective_B64_seed102.json,21ecd47b9183579f2571ea3ebb22a4776650544544912139d79c7ed6f800ef22
MIN_formal_AB_uniform_selective_B64_seed103,AB,uniform,4096,64,uniform,selective,103,12288,24576,14043.041829427084,4.618408203125,192623524,152498272,199.796875,202.7748724000994,339.89856910705566,7,2b2cc6b0fef146f9c667c4b87fa261949e5a641480ca610d66e72afb4223f76e,3cc43d8310d07a906296ee7f48e1abf73a2859c68d9e9d13fa998902b367d653,results\formal\MIN_formal_AB_uniform_selective_B64_seed103.json,fbdde4e85a47285d4799607afec3e3b7a17e07eb96a64117c59e95f6582cdaba
MIN_formal_AB_uniform_selective_B64_seed104,AB,uniform,4096,64,uniform,selective,104,12288,24576,14047.26171875,4.628255208333333,192795296,152430208,216.28125,219.81116399995517,367.4591164588928,6,844c3d61d7cd64c6d5a18e33b6b97baba62e7562e4e983dc3759173f6bc204d4,d3e079673ecaf4aec7a23ab2186f4ecb3aac4b32dde63a4a6a7650e7cd95c348,results\formal\MIN_formal_AB_uniform_selective_B64_seed104.json,a0afc186cb1bf10e575bd9f429e7633f513d22e8948c7c08ed4c1d256828c035
MIN_formal_AB_uniform_selective_B64_seed105,AB,uniform,4096,64,uniform,selective,105,12288,24576,14043.764973958334,4.620768229166667,192662024,152477544,214.78125,217.86826390004717,367.3786518573761,6,36113f022dc91d913c42a994c54f90aeea23ce655704928b954c53f78af0f2b4,58c19e7adefc6f3314ec1383aed694fea246f5cb310d45529e7dc5108d98e474,results\formal\MIN_formal_AB_uniform_selective_B64_seed105.json,bd38b8d4df068d16987786d2aeb0773bdab9a6247b21e15e05f6b5a20d50753a
MIN_formal_free_compressed_deferred_B4096_seed101,free_compressed,host,4096,4096,uniform,base,101,2048,4096,874419.21484375,6.26025390625,768744988,2812876116,,735.9377839565277,1500.3109970092773,,93559398ed07a0cbbfa8053102cc73e9f146f9592589b8a110135ff4f8525965,c7a9c590abaf89d208001c2795d0bfd882abe062efdc7ace802752f5f85a086a,results\formal\MIN_formal_free_compressed_deferred_B4096_seed101.json,007011e5f7e4938ff4ad1743d6c5cde2b304d40c204fa822b722dbf614d07e95
MIN_formal_free_compressed_deferred_B4096_seed102,free_compressed,host,4096,4096,uniform,base,102,2048,4096,874146.40234375,6.25830078125,768505132,2811998532,,735.9036123752594,1484.86452293396,,14a34258ba7302bd7b9f839b1b20708da9d7658edc8ebdc1b6b6700368982e17,71e998a8fbf5a650e7e971655448f3632583a74a61354c07359c48c02089b225,results\formal\MIN_formal_free_compressed_deferred_B4096_seed102.json,48e2d96e33196a100911ad1593c5e407b129d0345246a7a473cd82ad9da6e126
MIN_formal_free_compressed_deferred_B4096_seed103,free_compressed,host,4096,4096,uniform,base,103,2048,4096,870762.34765625,6.23388671875,765613844,2801028732,,786.9286549091339,1512.7486646175385,,ac27acf63bcd30e25e8f041ed45aac9e57c60d851de1324a2922cd4c30295476,4ceaef4511316c071fd575f05429e99eb7ed3c1eab6d678487c15f8501282ea6,results\formal\MIN_formal_free_compressed_deferred_B4096_seed103.json,d514a537be011944aad0087622ba51f374c470e40be6200adc7fc74e94c2fea8
MIN_formal_free_compressed_deferred_B4096_seed104,free_compressed,host,4096,4096,uniform,base,104,2048,4096,868089.375,6.21484375,763221792,2792472288,,718.3090083599091,1438.686494588852,,7a41c6809c07af2967c4c7f70828321d15038179876d919aa3fca454d5e7e8eb,dfad5680aec373c87bf084333d49860c689767a6460ba6aff035faae6da940a9,results\formal\MIN_formal_free_compressed_deferred_B4096_seed104.json,429ca4ff635a11407dc1316af8bf603da29cada999f041b3b8c32053ef736b50
MIN_formal_free_compressed_deferred_B4096_seed105,free_compressed,host,4096,4096,uniform,base,105,2048,4096,872399.22265625,6.24560546875,767052980,2806294236,,726.8005509376526,1441.6896710395813,,f445314bf2489591aa3b641cca077bac001c873b65c028b133312d09de03fee7,a7ab047e3852e15229f8867adf0f569245d9dcd21a2cef5cb03cc803c2518bf4,results\formal\MIN_formal_free_compressed_deferred_B4096_seed105.json,142c5ace287d117b69a33f320191656f827b713ad0be5fe78bcce82ede621f31
MIN_formal_free_compressed_deferred_B64_seed101,free_compressed,host,4096,64,uniform,base,101,2048,4096,54088.33984375,6.26025390625,96771868,124773972,,55.336679220199585,107.02785682678223,,8faf4f517c8d90f77a362ff87995f6ccc4368bbd58eb9bb0d5beee8bd6576d3d,47eb55dd3d365e8bf1704a09845dbbd930e528690285fe559bcf1ca4ad92a942,results\formal\MIN_formal_free_compressed_deferred_B64_seed101.json,18c103cd597b73734f49177a5b70dcaeb8737dc78ab23e006afbc45f82693d41
MIN_formal_free_compressed_deferred_B64_seed102,free_compressed,host,4096,64,uniform,base,102,2048,4096,54071.46484375,6.25830078125,96741676,124735044,,59.64516496658325,115.62788391113281,,3f2acac29cbbcb2e66bed4feff75e64cc9a80745ec7590fd9551294b74f7e8bf,4c0ce9562eb6eaa20dd8c8efec0bf6417d72b5fb504899b26b65fb3fac8e64e3,results\formal\MIN_formal_free_compressed_deferred_B64_seed102.json,7c17b1e3ed8b0306a5674f347243e83a8aa9b605da97ee351694ecae2768d73f
MIN_formal_free_compressed_deferred_B64_seed103,free_compressed,host,4096,64,uniform,base,103,2048,4096,53861.03515625,6.23388671875,96366356,124248444,,58.81893992424011,115.82650947570801,,17f7290094dbafa209b260b3f97566ce2620c3c0a3e03270f1135ade8343f437,818b07fc9052e96ab20f39609f81a8824ff8b27dae7ea9820e09f9764d50a8bb,results\formal\MIN_formal_free_compressed_deferred_B64_seed103.json,e72ac9257ae1c15eca681fae8b648dbec38a6e31f075bb27e16c69ae330cbbd5
MIN_formal_free_compressed_deferred_B64_seed104,free_compressed,host,4096,64,uniform,base,104,2048,4096,53696.25,6.21484375,96070944,123868896,,54.288514852523804,104.56204032897949,,ad11837183db4004926388d7fd62d31c9569ef2d10cad7ba09b025431f9478db,83fe272fd3b0b42060903ebcfeb68703beb3130ddd55cd4a8047204242dadd5f,results\formal\MIN_formal_free_compressed_deferred_B64_seed104.json,e8ba942932885083a6133b95ea260bda9a3d66af33668801c731ea9e01c6ce90
MIN_formal_free_compressed_deferred_B64_seed105,free_compressed,host,4096,64,uniform,base,105,2048,4096,53962.28515625,6.24560546875,96547508,124482012,,55.001091957092285,107.4054491519928,,26aceb7c6ec2b665af51c418fa14deb50c988cb3c47bb57f1da621c960dce6a2,480dd60c3f744758c9ce15d53d73fe7d79cb885fd6e6b8c9468df70b65eb5372,results\formal\MIN_formal_free_compressed_deferred_B64_seed105.json,dade7003432b137232146f17049f503b5be1bddc814563c4ea38a649cbbb2a08
MIN_formal_free_compressed_sde_B4096_seed101,free_compressed,host,4096,4096,uniform,selective,101,2048,4096,663153.576171875,6.26025390625,747181920,1969095128,,562.6615540981293,1109.3890902996063,,93559398ed07a0cbbfa8053102cc73e9f146f9592589b8a110135ff4f8525965,6fa5944583e3e3706c00aa177fb5e3a22d818c0f466a4720d43e6d29aebb0e8e,results\formal\MIN_formal_free_compressed_sde_B4096_seed101.json,c73a5876baa70beb52c79e42bb706068b0f4c037182c033a6e57da9793aa1b68
MIN_formal_free_compressed_sde_B4096_seed102,free_compressed,host,4096,4096,uniform,selective,102,2048,4096,662318.853515625,6.25830078125,746884712,1965973312,,577.5807991027832,1164.2040317058563,,14a34258ba7302bd7b9f839b1b20708da9d7658edc8ebdc1b6b6700368982e17,6efdc450a88dc70491c59ceaeeeb894d9601b85b94576d7f4488b0c867dbc58a,results\formal\MIN_formal_free_compressed_sde_B4096_seed102.json,893c1f121f87f174fb9d3e780db211a7658e94711fe1c0894134d233f5b88edc
MIN_formal_free_compressed_sde_B4096_seed103,free_compressed,host,4096,4096,uniform,selective,103,2048,4096,660079.5859375,6.23388671875,744110268,1959575716,,561.8459484577179,1146.4904263019562,,ac27acf63bcd30e25e8f041ed45aac9e57c60d851de1324a2922cd4c30295476,1aea268dcc3303fb3c08fb21ae465bead700e1dfe002d49a64850dc291d8501c,results\formal\MIN_formal_free_compressed_sde_B4096_seed103.json,30266dfc65da3b279bc3f2c903044363d79a2765140d83b9e4ada59aef039855
MIN_formal_free_compressed_sde_B4096_seed104,free_compressed,host,4096,4096,uniform,selective,104,2048,4096,658169.8046875,6.21484375,741796112,1954067408,,558.0940661430359,1146.5830872058868,,7a41c6809c07af2967c4c7f70828321d15038179876d919aa3fca454d5e7e8eb,33398217d153e1797a868c1c2144c5e305eb4369a5523c2e08eac3cc87a85d10,results\formal\MIN_formal_free_compressed_sde_B4096_seed104.json,7cbc02012f93ec0e6892e8262fe984131e98fc26e92e90a4072ce6f040f93a2e
MIN_formal_free_compressed_sde_B4096_seed105,free_compressed,host,4096,4096,uniform,selective,105,2048,4096,660974.236328125,6.24560546875,745473648,1961876824,,513.5214166641235,1049.9272017478943,,f445314bf2489591aa3b641cca077bac001c873b65c028b133312d09de03fee7,570de2d211727d5f37248ebbfb56f0e4ab88baade52d4750092707be49bb7c31,results\formal\MIN_formal_free_compressed_sde_B4096_seed105.json,72fc514398616d27b0cb4c294c4133cd16cf27c6ff36dc10fbe3e4f74e224880
MIN_formal_free_compressed_sde_B64_seed101,free_compressed,host,4096,64,uniform,selective,101,2048,4096,41197.888671875,6.26025390625,75208800,93537752,,44.90670824050903,88.72607779502869,,8faf4f517c8d90f77a362ff87995f6ccc4368bbd58eb9bb0d5beee8bd6576d3d,ed3d42d739c41dee07c2981d98fa6008f4f656a1a97cda8bbaa9fcb55014a42e,results\formal\MIN_formal_free_compressed_sde_B64_seed101.json,e97eb186e6ea3a90f71526c12bef0418220fd3aa8e0a3a7dc4385af093962f80
MIN_formal_free_compressed_sde_B64_seed102,free_compressed,host,4096,64,uniform,selective,102,2048,4096,41146.728515625,6.25830078125,75121256,93415744,,42.75887632369995,83.33319115638733,,3f2acac29cbbcb2e66bed4feff75e64cc9a80745ec7590fd9551294b74f7e8bf,7b57d9d38a552192de90b0857db8c61f045fae82acd84cd936e0c50d75d0c0a3,results\formal\MIN_formal_free_compressed_sde_B64_seed102.json,3cbbbbb7da9618985075e93723c831c7ac7084734f2567934b79074cfa620f34
MIN_formal_free_compressed_sde_B64_seed103,free_compressed,host,4096,64,uniform,selective,103,2048,4096,41006.1484375,6.23388671875,74862780,93098404,,44.83726525306702,87.60946655273438,,17f7290094dbafa209b260b3f97566ce2620c3c0a3e03270f1135ade8343f437,554808adec7fe0e762e4574465b87ada6d272729459207b78fa67d1c39dd3bb6,results\formal\MIN_formal_free_compressed_sde_B64_seed103.json,095eca05d96cf81d08c4db661a99ebac5d6d51df745de631e8fe1b7fbe1a55f0
MIN_formal_free_compressed_sde_B64_seed104,free_compressed,host,4096,64,uniform,selective,104,2048,4096,40887.9296875,6.21484375,74645264,92831696,,44.89198589324951,88.25522041320801,,ad11837183db4004926388d7fd62d31c9569ef2d10cad7ba09b025431f9478db,2de39e2aaed0232478d9d8442e3ed10d923917936d174135b0f4470991d755cc,results\formal\MIN_formal_free_compressed_sde_B64_seed104.json,0e5d438e57ed043410f7f0b1c8ef3266b67f3360f144fc403e1c46bbc29624e1
MIN_formal_free_compressed_sde_B64_seed105,free_compressed,host,4096,64,uniform,selective,105,2048,4096,41062.111328125,6.24560546875,74968176,93222232,,44.85617518424988,88.34441375732422,,26aceb7c6ec2b665af51c418fa14deb50c988cb3c47bb57f1da621c960dce6a2,17524b769bae5eea9a1b62a0f6fb3e1424028438c59789b5d3ed7cb8c8852b98,results\formal\MIN_formal_free_compressed_sde_B64_seed105.json,434a98b9fc6ccd7e1d8bd090cbb2a090589ff215ea71aa62391b3e42a0601ae1
MIN_formal_IR_depth_base_B4096_seed101,IR,depth,4096,4096,uniform,base,101,12288,24576,144533.33333333334,2.6666666666666665,773455872,2778595328,1551.0625,1569.9857825000072,2619.64506316185,14,82da792ce2414fabb730f1a990f08fb9009311b4dc9b15810ee7d0f87dc535c5,bfabcdac2139f86dcd88063404d7cefe7cc99154528ce2c774f114158a0e9dec,results\formal\MIN_formal_IR_depth_base_B4096_seed101.json,6fe1b8fc58844f26d844d4073b79379a097162c9c70d6df38b7853a91a0de49e
MIN_formal_IR_depth_base_B4096_seed102,IR,depth,4096,4096,uniform,base,102,12288,24576,144533.33333333334,2.6666666666666665,773455872,2778595328,1555.28125,1573.5782380000455,2623.950695037842,9,973d1c5a0aa25322750657887aa75153d894bd4cc89cf2f1f49bc012fff680d7,b6dcec1dc2585b2c18c455a6632bffaeea12127a6b6cd9a1e6509da1f086e229,results\formal\MIN_formal_IR_depth_base_B4096_seed102.json,b044494d95dba2f61823c0fb2ea15c9aa555a1f14099b64556a1befddceed05d
MIN_formal_IR_depth_base_B4096_seed103,IR,depth,4096,4096,uniform,base,103,12288,24576,144533.33333333334,2.6666666666666665,773455872,2778595328,1550.484375,1569.2523309000535,2616.7892048358917,9,805257050ecd114177e4f3be376d98ae51f7e3d73c254590c539d98c684f186c,179fc1aa2c79aad33ec74f2b77dca6e22e9170eece566b36b57d2087e0ac79b5,results\formal\MIN_formal_IR_depth_base_B4096_seed103.json,97f42adedd1bfd0235a0cdc965748208b6ea8344a7a230642101873bb61435b1
MIN_formal_IR_depth_base_B4096_seed104,IR,depth,4096,4096,uniform,base,104,12288,24576,144533.33333333334,2.6666666666666665,773455872,2778595328,1534.5,1552.0390998000512,2628.637390613556,13,3d69fc4fdb2844d8148c2d6bc93130169f5b65adbca0f5fc65080cbb279d2746,95e602a9ae7156c486cb92491d5aa653a4b3958e48fe0e1588f97dcfb19e4587,results\formal\MIN_formal_IR_depth_base_B4096_seed104.json,6846641a24fe606165b064aca4d222ee4b98b418cc58be505f641b9f9c5c2e11
MIN_formal_IR_depth_base_B4096_seed105,IR,depth,4096,4096,uniform,base,105,12288,24576,144533.33333333334,2.6666666666666665,773455872,2778595328,1534.8125,1552.7058280999772,2628.83331656456,13,ed45ca67e443d83ab04b12eb7ebe9ac32ffb05c019ff6698e6d89fe32f48f2d9,477671ecdc43ff51f9645afe3cd446b2a79f273cec92a10c178776cd50bb1868,results\formal\MIN_formal_IR_depth_base_B4096_seed105.json,f95f2a1456e94ddd559bf3b6a08210c4164c12a93740be219aa275db6cb96ee8
MIN_formal_IR_depth_base_B64_seed101,IR,depth,4096,64,uniform,base,101,12288,24576,10133.333333333334,2.6666666666666665,112852992,136183808,106.15625,109.20586330001242,186.1238181591034,18,7100487fb51e8014099d39fd2bb7e5faea90e13daa303c13aa8cd95450f8ba31,b614d9a680f4faa39d9820426db1d29dd0d5399a5f68825f3982495514029678,results\formal\MIN_formal_IR_depth_base_B64_seed101.json,41761cf81a83ca05bebf43de65a55e4f0eb352d1d24cd85ff136be23150c9dd7
MIN_formal_IR_depth_base_B64_seed102,IR,depth,4096,64,uniform,base,102,12288,24576,10133.333333333334,2.6666666666666665,112852992,136183808,109.125,112.60639229998924,190.8330430984497,10,46c40b7c5dd47e85a10094d66e0f08bb96e324893a289ab802ee5c17153b02ce,00dc010e2db00f61417da46b0de51fca65541608c936d86d6bba4bdf87026eab,results\formal\MIN_formal_IR_depth_base_B64_seed102.json,047feed1cc2bcd729852127fdc9c32bc902749d0e5688a85749ad96d38bd46f8
MIN_formal_IR_depth_base_B64_seed103,IR,depth,4096,64,uniform,base,103,12288,24576,10133.333333333334,2.6666666666666665,112852992,136183808,93.71875,95.29733650002163,160.07593607902527,10,2b2cc6b0fef146f9c667c4b87fa261949e5a641480ca610d66e72afb4223f76e,33f556c64366b7c2f01880d21fb539eca40675eb8a6b6ec4258704d7c8ce58bb,results\formal\MIN_formal_IR_depth_base_B64_seed103.json,cc876e1ba78bef6d4dc79292f2bdd78e74d7e88d6861a5266c4cd86634042f96
MIN_formal_IR_depth_base_B64_seed104,IR,depth,4096,64,uniform,base,104,12288,24576,10133.333333333334,2.6666666666666665,112852992,136183808,94.28125,95.972740600002,161.42133784294128,11,844c3d61d7cd64c6d5a18e33b6b97baba62e7562e4e983dc3759173f6bc204d4,fb36291f850b868a6ab51d7c8e34aaa148ca941304f30ed4463c9d2d79957389,results\formal\MIN_formal_IR_depth_base_B64_seed104.json,e19dd93c407ac1700ef7240f64d13881b65b596d22e327d347110754a66890ac
MIN_formal_IR_depth_base_B64_seed105,IR,depth,4096,64,uniform,base,105,12288,24576,10133.333333333334,2.6666666666666665,112852992,136183808,107.6875,110.93142489995807,184.3801474571228,11,36113f022dc91d913c42a994c54f90aeea23ce655704928b954c53f78af0f2b4,055358d015daf865948d701f089b8842afb142a68700f6704ea32bc204465478,results\formal\MIN_formal_IR_depth_base_B64_seed105.json,ca2a7bd2f8e0832dd8fee90eaaeed20ae0eca2d4a680516d2820b2197c87c2a9
MIN_formal_IR_depth_full_probe_B4096_seed101,IR,depth,4096,4096,uniform,full_probe,101,12288,24576,144533.33333333334,2.6666666666666665,773455872,2778595328,1556.578125,1575.6583037000382,2627.859435081482,34,82da792ce2414fabb730f1a990f08fb9009311b4dc9b15810ee7d0f87dc535c5,bb88f88b2c7ab97f3c7e2e1485194af595433e67e517b9facb8bf3aa8913ce1f,results\formal\MIN_formal_IR_depth_full_probe_B4096_seed101.json,15372e15b2bec2098e280a1b0d3af2d6cb30bfe00de62467f8ef255db87fb0e8
MIN_formal_IR_depth_full_probe_B4096_seed102,IR,depth,4096,4096,uniform,full_probe,102,12288,24576,144533.33333333334,2.6666666666666665,773455872,2778595328,1554.8125,1572.5368374000536,2623.7708101272583,29,973d1c5a0aa25322750657887aa75153d894bd4cc89cf2f1f49bc012fff680d7,876db04d30211c1e5146f6b08aaf4cdbac0555c3196eddba60ad92250ebb8998,results\formal\MIN_formal_IR_depth_full_probe_B4096_seed102.json,996d58f3ea8407d5e450cf44adbaefd7525ee762f14d7684b62656d92931f54f
MIN_formal_IR_depth_full_probe_B4096_seed103,IR,depth,4096,4096,uniform,full_probe,103,12288,24576,144533.33333333334,2.6666666666666665,773455872,2778595328,1556.09375,1573.7339677999262,2623.447257041931,35,805257050ecd114177e4f3be376d98ae51f7e3d73c254590c539d98c684f186c,eecc60551062efa6c6571552df5f17274ca51406ca81abd6b739665cd8bf3643,results\formal\MIN_formal_IR_depth_full_probe_B4096_seed103.json,df9a4fae2400c2f436c9771fda7751bc5dc951ed67eda2bb361e00fe93e51155
MIN_formal_IR_depth_full_probe_B4096_seed104,IR,depth,4096,4096,uniform,full_probe,104,12288,24576,144533.33333333334,2.6666666666666665,773455872,2778595328,1558.34375,1577.0424432000145,2657.112419605255,43,3d69fc4fdb2844d8148c2d6bc93130169f5b65adbca0f5fc65080cbb279d2746,4808f358f58f913b3233d7d6b95846e354ecb2bd4be4930b0317a76f35de850d,results\formal\MIN_formal_IR_depth_full_probe_B4096_seed104.json,9451a65548efe1939d7345530321aa76dafbbd4af26fe86e5a7b9bac658ae657
MIN_formal_IR_depth_full_probe_B4096_seed105,IR,depth,4096,4096,uniform,full_probe,105,12288,24576,144533.33333333334,2.6666666666666665,773455872,2778595328,1557.296875,1575.9961510000285,2652.3726913928986,50,ed45ca67e443d83ab04b12eb7ebe9ac32ffb05c019ff6698e6d89fe32f48f2d9,5b30ad4e880d26504650268ef2d8019190c5d51e2e9349589754e6b099dbbb29,results\formal\MIN_formal_IR_depth_full_probe_B4096_seed105.json,848b59c1671d0d05e5e0ca7918025da8dc394c7dc7cef1740fad2441fd7e79e0
MIN_formal_IR_depth_full_probe_B64_seed101,IR,depth,4096,64,uniform,full_probe,101,12288,24576,10133.333333333334,2.6666666666666665,112852992,136183808,107.765625,110.51661499997135,184.91106581687927,39,7100487fb51e8014099d39fd2bb7e5faea90e13daa303c13aa8cd95450f8ba31,055bd556fc2d9ca98c37225e0c80216d0ad54f395c8729337822544ed53a547e,results\formal\MIN_formal_IR_depth_full_probe_B64_seed101.json,23c06f1d6b6079f58ed2c2c1db44631525830ab110f307fb26f48c60c49fbf04
MIN_formal_IR_depth_full_probe_B64_seed102,IR,depth,4096,64,uniform,full_probe,102,12288,24576,10133.333333333334,2.6666666666666665,112852992,136183808,97.546875,99.41296530002728,168.58136534690857,48,46c40b7c5dd47e85a10094d66e0f08bb96e324893a289ab802ee5c17153b02ce,aa202532f3d2ad80d8235f7fbed875b05a122742c242c3792fa7e2f50d6523d6,results\formal\MIN_formal_IR_depth_full_probe_B64_seed102.json,bbabfa8a80735bb29c6ab45aeb7a6acbeb0f0b4da67e29b5d1e220e656db0dab
MIN_formal_IR_depth_full_probe_B64_seed103,IR,depth,4096,64,uniform,full_probe,103,12288,24576,10133.333333333334,2.6666666666666665,112852992,136183808,97.640625,99.0689488000935,166.37333822250366,30,2b2cc6b0fef146f9c667c4b87fa261949e5a641480ca610d66e72afb4223f76e,3b249a75427f043a338f185fa4fc65f73b5820976572d8f2c4ef4a2f8a0b7340,results\formal\MIN_formal_IR_depth_full_probe_B64_seed103.json,5d0d5925724437644b110eefd7635a947eee735f0f1ad999144b3fc72361d4ad
MIN_formal_IR_depth_full_probe_B64_seed104,IR,depth,4096,64,uniform,full_probe,104,12288,24576,10133.333333333334,2.6666666666666665,112852992,136183808,96.765625,98.66408949997276,165.7501301765442,41,844c3d61d7cd64c6d5a18e33b6b97baba62e7562e4e983dc3759173f6bc204d4,9a46bf21b147b1d31028f422d116e15748beee8f6439b254256b19f56d38b606,results\formal\MIN_formal_IR_depth_full_probe_B64_seed104.json,f5ae32616154f245dd75f1a9be0db81d72a634fdba70a88fda0e41d84e141d40
MIN_formal_IR_depth_full_probe_B64_seed105,IR,depth,4096,64,uniform,full_probe,105,12288,24576,10133.333333333334,2.6666666666666665,112852992,136183808,95.734375,97.85393560002558,163.48927879333496,49,36113f022dc91d913c42a994c54f90aeea23ce655704928b954c53f78af0f2b4,602be456053d4344cee976778d7a40531315b77d53af53a64ba419282ee1bec7,results\formal\MIN_formal_IR_depth_full_probe_B64_seed105.json,eb37f4a322aa1f1b752f53382f1bce60d3c46a08691eaa51770a0f386d389b67
MIN_formal_IR_depth_selective_B4096_seed101,IR,depth,4096,4096,uniform,selective,101,12288,24576,113350.44661458333,2.6666666666666665,750821696,2034878880,1189.671875,1203.9348581000231,2007.6952455043793,44,82da792ce2414fabb730f1a990f08fb9009311b4dc9b15810ee7d0f87dc535c5,1eeacc436acaafb0b1799bf4e1a0b379d68aa61abcb6c746c5f3d1c388889979,results\formal\MIN_formal_IR_depth_selective_B4096_seed101.json,d2115b689b114938ed9a55846b07ae51a74c126b5d9b2ecbb1eceed4e4cadb1a
MIN_formal_IR_depth_selective_B4096_seed102,IR,depth,4096,4096,uniform,selective,102,12288,24576,113442.05110677083,2.6666666666666665,750875420,2037076428,1188.546875,1201.9933741999557,2006.137009382248,39,973d1c5a0aa25322750657887aa75153d894bd4cc89cf2f1f49bc012fff680d7,0471893d83f10517f1a2530ec3507c20123de01ce81776773c99a9b38f36c338,results\formal\MIN_formal_IR_depth_selective_B4096_seed102.json,c9cf66f0e61890a580e0e27e45572e36772e91b2b15a0e5ba42cf1387e1bad4a
MIN_formal_IR_depth_selective_B4096_seed103,IR,depth,4096,4096,uniform,selective,103,12288,24576,113386.849609375,2.6666666666666665,750835200,2035760016,1190.25,1203.328843700001,2035.485846042633,36,805257050ecd114177e4f3be376d98ae51f7e3d73c254590c539d98c684f186c,628883b30852a1fba19870cb14b857ebc7633f9d5573ac45b463b9ed444ab1eb,results\formal\MIN_formal_IR_depth_selective_B4096_seed103.json,122877905be3360f6f06e42960dda455ab11429f646aca9e24beec228a3ff636
MIN_formal_IR_depth_selective_B4096_seed104,IR,depth,4096,4096,uniform,selective,104,12288,24576,113271.8818359375,2.6666666666666665,750751548,2033018220,1185.09375,1199.2835704999743,2031.2139542102814,39,3d69fc4fdb2844d8148c2d6bc93130169f5b65adbca0f5fc65080cbb279d2746,a35749f504376ae697371443602861f55890525e762c1f1d3e40495437f3d858,results\formal\MIN_formal_IR_depth_selective_B4096_seed104.json,906faf42573040320bc4390cd54f8bcc216632e30f34a1274d676eea0b9ccf41
MIN_formal_IR_depth_selective_B4096_seed105,IR,depth,4096,4096,uniform,selective,105,12288,24576,113243.07649739583,2.6666666666666665,750747612,2032314236,1183.078125,1196.8699854000006,2028.3904967308044,37,ed45ca67e443d83ab04b12eb7ebe9ac32ffb05c019ff6698e6d89fe32f48f2d9,588c42dde86b88f1d9a4e12f182472e4e0929cee13d49ed8b3d2941ab2413e51,results\formal\MIN_formal_IR_depth_selective_B4096_seed105.json,6304ec7b41322a3569e056ff34b59d96895edccddc8b4e6728dc9dda95308bc3
MIN_formal_IR_depth_selective_B64_seed101,IR,depth,4096,64,uniform,selective,101,12288,24576,8056.5478515625,2.6666666666666665,90222276,107775444,86.1875,90.10615159990266,153.97084641456604,33,7100487fb51e8014099d39fd2bb7e5faea90e13daa303c13aa8cd95450f8ba31,a40dcfd82367463c82575b549cb92525892d8b102e2899b331a03af3d3710663,results\formal\MIN_formal_IR_depth_selective_B64_seed101.json,3c7eeb81f6e3cdddbdaddb4cdd74c0338c464616705e0fab3c1cadb6bc238f88
MIN_formal_IR_depth_selective_B64_seed102,IR,depth,4096,64,uniform,selective,102,12288,24576,8048.526041666667,2.6666666666666665,90134704,107665872,76.46875,77.88458049995825,130.71769857406616,40,46c40b7c5dd47e85a10094d66e0f08bb96e324893a289ab802ee5c17153b02ce,9715e2999ca3f63db03a7839797915886bcfd5bc8c9e63e812f32a31375edef3,results\formal\MIN_formal_IR_depth_selective_B64_seed102.json,8ef25b31073bb0e65c137c8ea666967864a0c8346dce2a4f215760ee33252a86
MIN_formal_IR_depth_selective_B64_seed103,IR,depth,4096,64,uniform,selective,103,12288,24576,8049.723307291667,2.6666666666666665,90147768,107682232,75.5625,76.94885050004814,129.62009358406067,38,2b2cc6b0fef146f9c667c4b87fa261949e5a641480ca610d66e72afb4223f76e,6261080640fe8b6315b43b4a078c3a6758bf97d8075dd372a136d0acacff3bef,results\formal\MIN_formal_IR_depth_selective_B64_seed103.json,7437ff0dd033d1bf40cd481fb2ea0c6f64b00b3378984e938fb835968622afbc
MIN_formal_IR_depth_selective_B64_seed104,IR,depth,4096,64,uniform,selective,104,12288,24576,8054.70703125,2.6666666666666665,90204240,107748240,85.828125,87.89495489990804,145.6657497882843,38,844c3d61d7cd64c6d5a18e33b6b97baba62e7562e4e983dc3759173f6bc204d4,2dadcf5f1586c7421a9910ddfa72025074eca84957947bfed5c770fdb4736bcf,results\formal\MIN_formal_IR_depth_selective_B64_seed104.json,b64ca81633b072a17ce26e3f1e938841a42641ddfe7c4fa59bef31af5a87f7aa
MIN_formal_IR_depth_selective_B64_seed105,IR,depth,4096,64,uniform,selective,105,12288,24576,8044.451171875,2.6666666666666665,90094392,107606040,67.140625,68.03010069997981,119.46451544761658,58,36113f022dc91d913c42a994c54f90aeea23ce655704928b954c53f78af0f2b4,01997bcef91e97746bb714ec142f54f83780186429afde72ca1fcb34497eee2e,results\formal\MIN_formal_IR_depth_selective_B64_seed105.json,e98c783b8971dc7a96ca87d4c541ec4b06fcc6f55eb626e6c4b3bb40b67d647f
MIN_formal_IR_uniform_base_B64_seed101,IR,uniform,4096,64,uniform,base,101,12288,24576,12565.333333333334,2.6666666666666665,134873088,173932544,144.546875,146.51349959999789,248.89136743545532,3,7100487fb51e8014099d39fd2bb7e5faea90e13daa303c13aa8cd95450f8ba31,c565f141457eb462bec22502206a575024bdf8fe2b2ebc540bf235e489a2f0db,results\formal\MIN_formal_IR_uniform_base_B64_seed101.json,93c10987057dd14c0b38fc1109ee0cbff2483c2ef4924fe51bd799a0dbb9ceb8
MIN_formal_IR_uniform_base_B64_seed102,IR,uniform,4096,64,uniform,base,102,12288,24576,12565.333333333334,2.6666666666666665,134873088,173932544,132.359375,133.6060809000628,222.69881892204285,2,46c40b7c5dd47e85a10094d66e0f08bb96e324893a289ab802ee5c17153b02ce,813d6d687732a2f56926a67c9968330dcfe50312749b191230eb9916b249c699,results\formal\MIN_formal_IR_uniform_base_B64_seed102.json,2e73abdca2701b7eb9c5f3c76827592f05f3eb97597e2edab1bada52efb980ed
MIN_formal_IR_uniform_base_B64_seed103,IR,uniform,4096,64,uniform,base,103,12288,24576,12565.333333333334,2.6666666666666665,134873088,173932544,145.921875,147.91328330000397,249.08576369285583,3,2b2cc6b0fef146f9c667c4b87fa261949e5a641480ca610d66e72afb4223f76e,38b307041dc821d09d5905259442761dac482629c85df08f950762b5e0ad39f1,results\formal\MIN_formal_IR_uniform_base_B64_seed103.json,cca37f7a7ec9d746e70931c17f3ee13a612b88cda791941783e5a28db1f704ac
MIN_formal_IR_uniform_base_B64_seed104,IR,uniform,4096,64,uniform,base,104,12288,24576,12565.333333333334,2.6666666666666665,134873088,173932544,147.65625,149.6053323999513,251.31707334518433,2,844c3d61d7cd64c6d5a18e33b6b97baba62e7562e4e983dc3759173f6bc204d4,b126114822c8716afda2f659c0d1d4a59e202b5a1a251f01a9adca3fef3e481f,results\formal\MIN_formal_IR_uniform_base_B64_seed104.json,0cd54df881478aaf631d01b43515e5507d1ce90c961144b07196f5013510f72c
MIN_formal_IR_uniform_base_B64_seed105,IR,uniform,4096,64,uniform,base,105,12288,24576,12565.333333333334,2.6666666666666665,134873088,173932544,146.140625,148.16022099996917,248.7376992702484,2,36113f022dc91d913c42a994c54f90aeea23ce655704928b954c53f78af0f2b4,28153965561fc865da9d715ee9dd1d0112eebdb611f989a360e0caeefba48dc7,results\formal\MIN_formal_IR_uniform_base_B64_seed105.json,8200dfd7436ef1d02d0acc714c48c20878a6794b80af3cbc67f363ab5b6ad26c
MIN_formal_IR_uniform_selective_B64_seed101,IR,uniform,4096,64,uniform,selective,101,12288,24576,9772.244466145834,2.6666666666666665,106839516,133323164,114.390625,115.71852690004744,195.48913025856018,6,7100487fb51e8014099d39fd2bb7e5faea90e13daa303c13aa8cd95450f8ba31,35b8ea928c0f3c4b03007e0c23992d56a80ef8df2b8a4f963d070d1f27fe068c,results\formal\MIN_formal_IR_uniform_selective_B64_seed101.json,5e279dc06fd8b6e7a9ca4d2ea92a6d068fb5653531ebf81cd878d1f8ae998c9c
MIN_formal_IR_uniform_selective_B64_seed102,IR,uniform,4096,64,uniform,selective,102,12288,24576,9767.511067708334,2.6666666666666665,106792008,133254344,113.5,115.08621729991864,194.4802770614624,7,46c40b7c5dd47e85a10094d66e0f08bb96e324893a289ab802ee5c17153b02ce,a607d5cf0975d8ffd073c0a56c79f4799d1272cda7cdeb809a746e16acc454f9,results\formal\MIN_formal_IR_uniform_selective_B64_seed102.json,410489068ca190e7a01279ed0f41b378ca62e2bb09561e753feb26a0ff17d749
MIN_formal_IR_uniform_selective_B64_seed103,IR,uniform,4096,64,uniform,selective,103,12288,24576,9773.1826171875,2.6666666666666665,106848932,133336804,102.671875,103.7820689000655,173.45708537101746,8,2b2cc6b0fef146f9c667c4b87fa261949e5a641480ca610d66e72afb4223f76e,68e828c967d669326e995e25c6a4c1748e04db82959cd480f0f1135870822635,results\formal\MIN_formal_IR_uniform_selective_B64_seed103.json,6a04ae6c61240626c00b0d708cb73726b92b8b7bf4bc2052f68b6cc6c4697e85
MIN_formal_IR_uniform_selective_B64_seed104,IR,uniform,4096,64,uniform,selective,104,12288,24576,9769.046223958334,2.6666666666666665,106807416,133276664,113.5,114.83805159991607,193.67069911956787,6,844c3d61d7cd64c6d5a18e33b6b97baba62e7562e4e983dc3759173f6bc204d4,54f83638dc6138a975e6fd730fdf9e11f00f621ae00fa9fcd74abae09169b9f0,results\formal\MIN_formal_IR_uniform_selective_B64_seed104.json,db50533dcc715101f673d9dfedaf148dcf2bba2dc298ed7dd289cb394f0cd6e4
MIN_formal_IR_uniform_selective_B64_seed105,IR,uniform,4096,64,uniform,selective,105,12288,24576,9761.114583333334,2.6666666666666665,106727808,133161344,112.8125,114.08184759994037,192.96371340751648,10,36113f022dc91d913c42a994c54f90aeea23ce655704928b954c53f78af0f2b4,5c6ff2ea8b98a5b8606b918095a0b789ce4524d8aa8517c62433287949439241,results\formal\MIN_formal_IR_uniform_selective_B64_seed105.json,dcf518e4551d871a96fe0957b26544a5b74075f032ece5054dfdcfcc47a5491d
MIN_formal_rho_deferred_B4096_seed101,rho,host,4096,4096,uniform,base,101,2048,4096,902587.3046875,8.34326171875,1434184444,2262813156,,818.1533524990082,1598.3866710662842,,93559398ed07a0cbbfa8053102cc73e9f146f9592589b8a110135ff4f8525965,eb7c36747562f60f8bd0692a0c16b8b7de83888d175be8b817d60ac293742c4f;85e7b0e13da85381b076b2cf0ff20ec99e29e4bf657c6640b2e3fd0112ac0e92,results\formal\MIN_formal_rho_deferred_B4096_seed101.json,0aa3fc540320b925ac297bcdc2dc466b41e585a17c2ed61cc9dc4e47a931f6d8
MIN_formal_rho_deferred_B4096_seed102,rho,host,4096,4096,uniform,base,102,2048,4096,900720.39453125,8.326171875,1431201464,2258149272,,493.7663674354553,1085.4576528072357,,14a34258ba7302bd7b9f839b1b20708da9d7658edc8ebdc1b6b6700368982e17,5863c7d08cf10851b05209eee17aa773ee817c9a34724cea8e2aa3862c9cd275;f8d5acae1d546163ff2d04b309927d5ad8b7f59af9952fd8ead5c644621f779b,results\formal\MIN_formal_rho_deferred_B4096_seed102.json,d4c03902ead66c5e7a21741ddad988d67d253eddbb398866466980d9bb1f0d49
MIN_formal_rho_deferred_B4096_seed103,rho,host,4096,4096,uniform,base,103,2048,4096,900613.0390625,8.32568359375,1430981132,2257929876,,499.90550780296326,1106.2022058963776,,ac27acf63bcd30e25e8f041ed45aac9e57c60d851de1324a2922cd4c30295476,c7322f15600f1850c98152a9071366c42233e600202afdf8a667919c7335a17c;472b8133d5fe22057a939e472c9f6fbfeabe13ed327771aaa3e9d32c587cf87f,results\formal\MIN_formal_rho_deferred_B4096_seed103.json,cd3660630103746fc359620154f4e89877570db3d43e3e48a31851adff8f568c
MIN_formal_rho_deferred_B4096_seed104,rho,host,4096,4096,uniform,base,104,2048,4096,899153.9453125,8.3115234375,1428729064,2254205496,,714.5786235332489,1452.8077774047852,,7a41c6809c07af2967c4c7f70828321d15038179876d919aa3fca454d5e7e8eb,9fcf0814de8952213e7bb215b033f63614ba85ed97049e6ecfe3ec0a635fb5de;db6b6817b3f7bd5effe8dc1b3fd22d462eeddc63bc9a22d8c270d970c0bd8ede,results\formal\MIN_formal_rho_deferred_B4096_seed104.json,db73fee986ea65554bc6cbc79ff4692d63e9e963a998c21a7a4d1c4d64ebb35a
MIN_formal_rho_deferred_B4096_seed105,rho,host,4096,4096,uniform,base,105,2048,4096,899046.58984375,8.31103515625,1428508732,2253986100,,816.6318829059601,1593.361637353897,,f445314bf2489591aa3b641cca077bac001c873b65c028b133312d09de03fee7,8652d2a9607776b325d74aa9e6c387c56adf4fc616a0891f7a733c03c75eafea;4cd06cada7f529e02fb6026431a88fd50492c7335b8fca4cdb1c861a1feda37b,results\formal\MIN_formal_rho_deferred_B4096_seed105.json,201894d09e7e4c5b612d55e818f0e1970ed353c413c66923bb58c1b104fb28db
MIN_formal_rho_deferred_B64_seed101,rho,host,4096,64,uniform,base,101,2048,4096,53788.3046875,8.34326171875,109196668,111120228,,57.91502380371094,111.6280529499054,,8faf4f517c8d90f77a362ff87995f6ccc4368bbd58eb9bb0d5beee8bd6576d3d,085ba590ccad36368158a321283cec25c8d86d5615d0b1b46e8ffc1ad31704ef;ab9509ffd99fbce12374ac456ffe0437f962a399c941329ec1337bd46a28ccb2,results\formal\MIN_formal_rho_deferred_B64_seed101.json,5cb6e5d1864dc4147aab2d9acd93ca7bb150149b590a6ec6f7942288ac11adc9
MIN_formal_rho_deferred_B64_seed102,rho,host,4096,64,uniform,base,102,2048,4096,53677.51953125,8.326171875,108971576,110891544,,63.43695569038391,120.63156485557556,,3f2acac29cbbcb2e66bed4feff75e64cc9a80745ec7590fd9551294b74f7e8bf,d618b6b0a8cb1568393b06750dcbe2e13b928797e0c5f56b489290dcb125076d;0c77b17402ee15485c387e03def2839f07f95babcf088f538907b0180ff475d9,results\formal\MIN_formal_rho_deferred_B64_seed102.json,600226c15ff07b37302c3338a920ff381fa842287edbfcc03ca8a1e8eecfb144
MIN_formal_rho_deferred_B64_seed103,rho,host,4096,64,uniform,base,103,2048,4096,53672.5390625,8.32568359375,108960908,110881812,,56.1230309009552,107.17074346542358,,17f7290094dbafa209b260b3f97566ce2620c3c0a3e03270f1135ade8343f437,ff6d4a30b89f4946a2355ea5507bfdd8512bf9969763ffc0999b00a4507d3366;e439a16fe35ae59142d4dacd14e604a7505913acf15589a2cc60e13e3ad63d86,results\formal\MIN_formal_rho_deferred_B64_seed103.json,ca04688e5fc8bd6f9261fbf717cca801ac547080f64e4223ea91d4913dc9be0b
MIN_formal_rho_deferred_B64_seed104,rho,host,4096,64,uniform,base,104,2048,4096,53583.6953125,8.3115234375,108781288,110697528,,55.293798208236694,106.03790378570557,,ad11837183db4004926388d7fd62d31c9569ef2d10cad7ba09b025431f9478db,e09cb3deb352767cc45b1efc031a70988a8d5967f2576df835f97cb11fa65732;9ba0eabc3321945862a4bc9833aae9a99fbb35eace12e7d90d0cf6bb047e5f47,results\formal\MIN_formal_rho_deferred_B64_seed104.json,eea74fddb6a6ab811a399a20669fe6196e8ea41de44ac22ba28db5785a8db960
MIN_formal_rho_deferred_B64_seed105,rho,host,4096,64,uniform,base,105,2048,4096,53578.71484375,8.31103515625,108770620,110687796,,59.06465935707092,113.34250235557556,,26aceb7c6ec2b665af51c418fa14deb50c988cb3c47bb57f1da621c960dce6a2,b165fb37fe92cb7c196d460b3d576793ebe28ab446c7b855b550fff4d591b8ad;f4863f55d33f0b3eeadaecdf5085094fa0f1577d257b1c72627f833074f26a88,results\formal\MIN_formal_rho_deferred_B64_seed105.json,4b91e0e679e10682db0ce333f3b5fe5fbe234539baf9a47f4042907177e7ce63
MIN_formal_rho_sde_B4096_seed101,rho,host,4096,4096,uniform,selective,101,2048,4096,815830.892578125,8.34326171875,1425329552,1916313784,,707.7681241035461,1321.1464984416962,,93559398ed07a0cbbfa8053102cc73e9f146f9592589b8a110135ff4f8525965,eb7c36747562f60f8bd0692a0c16b8b7de83888d175be8b817d60ac293742c4f;00992748141cf06b66e5ddac97b6d8180f33df179e079f9f70dfe14924197e1c,results\formal\MIN_formal_rho_sde_B4096_seed101.json,a8c946664570a0329ffea74601b241606a133935b02e5c2669d9fda451e11ce6
MIN_formal_rho_sde_B4096_seed102,rho,host,4096,4096,uniform,selective,102,2048,4096,813733.34765625,8.326171875,1422323032,1910728760,,707.1211123466492,1319.884394645691,,14a34258ba7302bd7b9f839b1b20708da9d7658edc8ebdc1b6b6700368982e17,5863c7d08cf10851b05209eee17aa773ee817c9a34724cea8e2aa3862c9cd275;bddfaa70b0bedcb7bda12e16c047e07f2bdc360a30934346f71571a48d9a565d,results\formal\MIN_formal_rho_sde_B4096_seed102.json,232eeb0b2f1fe6ead242cda13afb762e93bc907c0d925b516f99cc36288f9a60
MIN_formal_rho_sde_B4096_seed103,rho,host,4096,4096,uniform,selective,103,2048,4096,813697.279296875,8.32568359375,1422109976,1910794080,,635.4304759502411,1248.5847218036652,,ac27acf63bcd30e25e8f041ed45aac9e57c60d851de1324a2922cd4c30295476,c7322f15600f1850c98152a9071366c42233e600202afdf8a667919c7335a17c;49be618cb33a6d0fd80ddbf30b5c7599af6fb1647da9b26363a45455cc165f4a,results\formal\MIN_formal_rho_sde_B4096_seed103.json,d58b2c3ffdf08b1429567aa472914e9bb3a677544c561f2eef640fb909ea55ef
MIN_formal_rho_sde_B4096_seed104,rho,host,4096,4096,uniform,selective,104,2048,4096,813018.150390625,8.3115234375,1419937516,1910184828,,707.1152248382568,1322.3728466033936,,7a41c6809c07af2967c4c7f70828321d15038179876d919aa3fca454d5e7e8eb,9fcf0814de8952213e7bb215b033f63614ba85ed97049e6ecfe3ec0a635fb5de;445af2afddd5a5d506e66e3d586427d87d22116a7bd11e2fcf49ce051fd99bff,results\formal\MIN_formal_rho_sde_B4096_seed104.json,18555bbbe202fde6f9d0e47632d150cab8d4d2bb39bab4e49a4d937763fbac18
MIN_formal_rho_sde_B4096_seed105,rho,host,4096,4096,uniform,selective,105,2048,4096,812843.701171875,8.31103515625,1419710336,1909697464,,553.5402042865753,1128.6665570735931,,f445314bf2489591aa3b641cca077bac001c873b65c028b133312d09de03fee7,8652d2a9607776b325d74aa9e6c387c56adf4fc616a0891f7a733c03c75eafea;bd95373e6515899ba6ca5ab8940664dba18a93ebd6777f82dcc13f37cc8043e0,results\formal\MIN_formal_rho_sde_B4096_seed105.json,81c214193cccf843cf592ea2aa852663116221f6520a1ad8daadaa1d2d36a020
MIN_formal_rho_sde_B64_seed101,rho,host,4096,64,uniform,selective,101,2048,4096,48494.830078125,8.34326171875,100341776,98293048,,53.909327030181885,99.85870313644409,,8faf4f517c8d90f77a362ff87995f6ccc4368bbd58eb9bb0d5beee8bd6576d3d,085ba590ccad36368158a321283cec25c8d86d5615d0b1b46e8ffc1ad31704ef;7cc65cc052834c3c82092cac4c640bb91df9afa9b6f9a441f7500a2ebd71d592,results\formal\MIN_formal_rho_sde_B64_seed101.json,4740307c0dcf656bfcf5d4c850a02f2dc79d69c86b252a46bcdade152ffa8909
MIN_formal_rho_sde_B64_seed102,rho,host,4096,64,uniform,selective,102,2048,4096,48369.97265625,8.326171875,100093144,98030264,,53.90487551689148,100.07760763168335,,3f2acac29cbbcb2e66bed4feff75e64cc9a80745ec7590fd9551294b74f7e8bf,d618b6b0a8cb1568393b06750dcbe2e13b928797e0c5f56b489290dcb125076d;e8feb936c9641f306d6b537fb10802ccc5407b1c8d24fa506e789248a1c6ae74,results\formal\MIN_formal_rho_sde_B64_seed102.json,6704a524644b91b7ab135ee3c7b0aa87cc85fa63a71c871d467827dbb3ee4f83
MIN_formal_rho_sde_B64_seed103,rho,host,4096,64,uniform,selective,103,2048,4096,48369.341796875,8.32568359375,100089752,98031072,,54.04170227050781,100.37522554397583,,17f7290094dbafa209b260b3f97566ce2620c3c0a3e03270f1135ade8343f437,ff6d4a30b89f4946a2355ea5507bfdd8512bf9969763ffc0999b00a4507d3366;7df9876ddc1cb51d8d763f362b9efe72f17e0449f4fcda22dcfb161ab9b01ac8,results\formal\MIN_formal_rho_sde_B64_seed103.json,8f2b1a9f5d28d4b0d2181551b61c00303ea672aeebc3cf0359caf02879c64b7d
MIN_formal_rho_sde_B64_seed104,rho,host,4096,64,uniform,selective,104,2048,4096,48328.087890625,8.3115234375,99989740,97962108,,46.41213274002075,85.41763544082642,,ad11837183db4004926388d7fd62d31c9569ef2d10cad7ba09b025431f9478db,e09cb3deb352767cc45b1efc031a70988a8d5967f2576df835f97cb11fa65732;0895f799cdd039c80821966aca2c796d1db6dad95555451013c427129e500461,results\formal\MIN_formal_rho_sde_B64_seed104.json,6788990d47a99a1ca619b106bb6a5256ab6b53384454d21e17232f8f37f42d22
MIN_formal_rho_sde_B64_seed105,rho,host,4096,64,uniform,selective,105,2048,4096,48319.013671875,8.31103515625,99972224,97942456,,54.04736518859863,100.12709093093872,,26aceb7c6ec2b665af51c418fa14deb50c988cb3c47bb57f1da621c960dce6a2,b165fb37fe92cb7c196d460b3d576793ebe28ab446c7b855b550fff4d591b8ad;dccc3681ca39a4f581372fd6e4da3b993f4c4e3fa0920a06cc1eb9074a607e6d,results\formal\MIN_formal_rho_sde_B64_seed105.json,4f598528807f747312bbec1bc6a08ff8fdd18f3aaf07a6bce132864f9510aeaa
